G4G3811_S77	/cromwell-executions/ampseq/d857623e-4cad-4ddd-b271-97eb8821fdd5/call-ampseq_pipeline/execution/Results/AdaptorRem/G4G3811_S77_val_1.fq.gz	/cromwell-executions/ampseq/d857623e-4cad-4ddd-b271-97eb8821fdd5/call-ampseq_pipeline/execution/Results/AdaptorRem/G4G3811_S77_val_2.fq.gz
G4G3742_S56	/cromwell-executions/ampseq/d857623e-4cad-4ddd-b271-97eb8821fdd5/call-ampseq_pipeline/execution/Results/AdaptorRem/G4G3742_S56_val_1.fq.gz	/cromwell-executions/ampseq/d857623e-4cad-4ddd-b271-97eb8821fdd5/call-ampseq_pipeline/execution/Results/AdaptorRem/G4G3742_S56_val_2.fq.gz
G4G3790_S55	/cromwell-executions/ampseq/d857623e-4cad-4ddd-b271-97eb8821fdd5/call-ampseq_pipeline/execution/Results/AdaptorRem/G4G3790_S55_val_1.fq.gz	/cromwell-executions/ampseq/d857623e-4cad-4ddd-b271-97eb8821fdd5/call-ampseq_pipeline/execution/Results/AdaptorRem/G4G3790_S55_val_2.fq.gz
G4G3839_S44	/cromwell-executions/ampseq/d857623e-4cad-4ddd-b271-97eb8821fdd5/call-ampseq_pipeline/execution/Results/AdaptorRem/G4G3839_S44_val_1.fq.gz	/cromwell-executions/ampseq/d857623e-4cad-4ddd-b271-97eb8821fdd5/call-ampseq_pipeline/execution/Results/AdaptorRem/G4G3839_S44_val_2.fq.gz
PosControl_S81	/cromwell-executions/ampseq/d857623e-4cad-4ddd-b271-97eb8821fdd5/call-ampseq_pipeline/execution/Results/AdaptorRem/PosControl_S81_val_1.fq.gz	/cromwell-executions/ampseq/d857623e-4cad-4ddd-b271-97eb8821fdd5/call-ampseq_pipeline/execution/Results/AdaptorRem/PosControl_S81_val_2.fq.gz
G7B929_S17	/cromwell-executions/ampseq/d857623e-4cad-4ddd-b271-97eb8821fdd5/call-ampseq_pipeline/execution/Results/AdaptorRem/G7B929_S17_val_1.fq.gz	/cromwell-executions/ampseq/d857623e-4cad-4ddd-b271-97eb8821fdd5/call-ampseq_pipeline/execution/Results/AdaptorRem/G7B929_S17_val_2.fq.gz
G7B955_S4	/cromwell-executions/ampseq/d857623e-4cad-4ddd-b271-97eb8821fdd5/call-ampseq_pipeline/execution/Results/AdaptorRem/G7B955_S4_val_1.fq.gz	/cromwell-executions/ampseq/d857623e-4cad-4ddd-b271-97eb8821fdd5/call-ampseq_pipeline/execution/Results/AdaptorRem/G7B955_S4_val_2.fq.gz
G7B986_S9	/cromwell-executions/ampseq/d857623e-4cad-4ddd-b271-97eb8821fdd5/call-ampseq_pipeline/execution/Results/AdaptorRem/G7B986_S9_val_1.fq.gz	/cromwell-executions/ampseq/d857623e-4cad-4ddd-b271-97eb8821fdd5/call-ampseq_pipeline/execution/Results/AdaptorRem/G7B986_S9_val_2.fq.gz
G4G3864_S96	/cromwell-executions/ampseq/d857623e-4cad-4ddd-b271-97eb8821fdd5/call-ampseq_pipeline/execution/Results/AdaptorRem/G4G3864_S96_val_1.fq.gz	/cromwell-executions/ampseq/d857623e-4cad-4ddd-b271-97eb8821fdd5/call-ampseq_pipeline/execution/Results/AdaptorRem/G4G3864_S96_val_2.fq.gz
G4G3756_S66	/cromwell-executions/ampseq/d857623e-4cad-4ddd-b271-97eb8821fdd5/call-ampseq_pipeline/execution/Results/AdaptorRem/G4G3756_S66_val_1.fq.gz	/cromwell-executions/ampseq/d857623e-4cad-4ddd-b271-97eb8821fdd5/call-ampseq_pipeline/execution/Results/AdaptorRem/G4G3756_S66_val_2.fq.gz
G4G3925_S36	/cromwell-executions/ampseq/d857623e-4cad-4ddd-b271-97eb8821fdd5/call-ampseq_pipeline/execution/Results/AdaptorRem/G4G3925_S36_val_1.fq.gz	/cromwell-executions/ampseq/d857623e-4cad-4ddd-b271-97eb8821fdd5/call-ampseq_pipeline/execution/Results/AdaptorRem/G4G3925_S36_val_2.fq.gz
G7B958_S76	/cromwell-executions/ampseq/d857623e-4cad-4ddd-b271-97eb8821fdd5/call-ampseq_pipeline/execution/Results/AdaptorRem/G7B958_S76_val_1.fq.gz	/cromwell-executions/ampseq/d857623e-4cad-4ddd-b271-97eb8821fdd5/call-ampseq_pipeline/execution/Results/AdaptorRem/G7B958_S76_val_2.fq.gz
G7B985_S10	/cromwell-executions/ampseq/d857623e-4cad-4ddd-b271-97eb8821fdd5/call-ampseq_pipeline/execution/Results/AdaptorRem/G7B985_S10_val_1.fq.gz	/cromwell-executions/ampseq/d857623e-4cad-4ddd-b271-97eb8821fdd5/call-ampseq_pipeline/execution/Results/AdaptorRem/G7B985_S10_val_2.fq.gz
G7B933_S38	/cromwell-executions/ampseq/d857623e-4cad-4ddd-b271-97eb8821fdd5/call-ampseq_pipeline/execution/Results/AdaptorRem/G7B933_S38_val_1.fq.gz	/cromwell-executions/ampseq/d857623e-4cad-4ddd-b271-97eb8821fdd5/call-ampseq_pipeline/execution/Results/AdaptorRem/G7B933_S38_val_2.fq.gz
G4G3773_S91	/cromwell-executions/ampseq/d857623e-4cad-4ddd-b271-97eb8821fdd5/call-ampseq_pipeline/execution/Results/AdaptorRem/G4G3773_S91_val_1.fq.gz	/cromwell-executions/ampseq/d857623e-4cad-4ddd-b271-97eb8821fdd5/call-ampseq_pipeline/execution/Results/AdaptorRem/G4G3773_S91_val_2.fq.gz
G4G3860_S48	/cromwell-executions/ampseq/d857623e-4cad-4ddd-b271-97eb8821fdd5/call-ampseq_pipeline/execution/Results/AdaptorRem/G4G3860_S48_val_1.fq.gz	/cromwell-executions/ampseq/d857623e-4cad-4ddd-b271-97eb8821fdd5/call-ampseq_pipeline/execution/Results/AdaptorRem/G4G3860_S48_val_2.fq.gz
G4G3895_S71	/cromwell-executions/ampseq/d857623e-4cad-4ddd-b271-97eb8821fdd5/call-ampseq_pipeline/execution/Results/AdaptorRem/G4G3895_S71_val_1.fq.gz	/cromwell-executions/ampseq/d857623e-4cad-4ddd-b271-97eb8821fdd5/call-ampseq_pipeline/execution/Results/AdaptorRem/G4G3895_S71_val_2.fq.gz
G4G3663_S13	/cromwell-executions/ampseq/d857623e-4cad-4ddd-b271-97eb8821fdd5/call-ampseq_pipeline/execution/Results/AdaptorRem/G4G3663_S13_val_1.fq.gz	/cromwell-executions/ampseq/d857623e-4cad-4ddd-b271-97eb8821fdd5/call-ampseq_pipeline/execution/Results/AdaptorRem/G4G3663_S13_val_2.fq.gz
PCRControl_S42	/cromwell-executions/ampseq/d857623e-4cad-4ddd-b271-97eb8821fdd5/call-ampseq_pipeline/execution/Results/AdaptorRem/PCRControl_S42_val_1.fq.gz	/cromwell-executions/ampseq/d857623e-4cad-4ddd-b271-97eb8821fdd5/call-ampseq_pipeline/execution/Results/AdaptorRem/PCRControl_S42_val_2.fq.gz
G4G3877_S60	/cromwell-executions/ampseq/d857623e-4cad-4ddd-b271-97eb8821fdd5/call-ampseq_pipeline/execution/Results/AdaptorRem/G4G3877_S60_val_1.fq.gz	/cromwell-executions/ampseq/d857623e-4cad-4ddd-b271-97eb8821fdd5/call-ampseq_pipeline/execution/Results/AdaptorRem/G4G3877_S60_val_2.fq.gz
G7B967_S3	/cromwell-executions/ampseq/d857623e-4cad-4ddd-b271-97eb8821fdd5/call-ampseq_pipeline/execution/Results/AdaptorRem/G7B967_S3_val_1.fq.gz	/cromwell-executions/ampseq/d857623e-4cad-4ddd-b271-97eb8821fdd5/call-ampseq_pipeline/execution/Results/AdaptorRem/G7B967_S3_val_2.fq.gz
G4G3807_S30	/cromwell-executions/ampseq/d857623e-4cad-4ddd-b271-97eb8821fdd5/call-ampseq_pipeline/execution/Results/AdaptorRem/G4G3807_S30_val_1.fq.gz	/cromwell-executions/ampseq/d857623e-4cad-4ddd-b271-97eb8821fdd5/call-ampseq_pipeline/execution/Results/AdaptorRem/G4G3807_S30_val_2.fq.gz
G4G3817_S18	/cromwell-executions/ampseq/d857623e-4cad-4ddd-b271-97eb8821fdd5/call-ampseq_pipeline/execution/Results/AdaptorRem/G4G3817_S18_val_1.fq.gz	/cromwell-executions/ampseq/d857623e-4cad-4ddd-b271-97eb8821fdd5/call-ampseq_pipeline/execution/Results/AdaptorRem/G4G3817_S18_val_2.fq.gz
G1M007_S70	/cromwell-executions/ampseq/d857623e-4cad-4ddd-b271-97eb8821fdd5/call-ampseq_pipeline/execution/Results/AdaptorRem/G1M007_S70_val_1.fq.gz	/cromwell-executions/ampseq/d857623e-4cad-4ddd-b271-97eb8821fdd5/call-ampseq_pipeline/execution/Results/AdaptorRem/G1M007_S70_val_2.fq.gz
G4G3894_S12	/cromwell-executions/ampseq/d857623e-4cad-4ddd-b271-97eb8821fdd5/call-ampseq_pipeline/execution/Results/AdaptorRem/G4G3894_S12_val_1.fq.gz	/cromwell-executions/ampseq/d857623e-4cad-4ddd-b271-97eb8821fdd5/call-ampseq_pipeline/execution/Results/AdaptorRem/G4G3894_S12_val_2.fq.gz
G4G3866_S84	/cromwell-executions/ampseq/d857623e-4cad-4ddd-b271-97eb8821fdd5/call-ampseq_pipeline/execution/Results/AdaptorRem/G4G3866_S84_val_1.fq.gz	/cromwell-executions/ampseq/d857623e-4cad-4ddd-b271-97eb8821fdd5/call-ampseq_pipeline/execution/Results/AdaptorRem/G4G3866_S84_val_2.fq.gz
G4G3715_S25	/cromwell-executions/ampseq/d857623e-4cad-4ddd-b271-97eb8821fdd5/call-ampseq_pipeline/execution/Results/AdaptorRem/G4G3715_S25_val_1.fq.gz	/cromwell-executions/ampseq/d857623e-4cad-4ddd-b271-97eb8821fdd5/call-ampseq_pipeline/execution/Results/AdaptorRem/G4G3715_S25_val_2.fq.gz
G7B972_S27	/cromwell-executions/ampseq/d857623e-4cad-4ddd-b271-97eb8821fdd5/call-ampseq_pipeline/execution/Results/AdaptorRem/G7B972_S27_val_1.fq.gz	/cromwell-executions/ampseq/d857623e-4cad-4ddd-b271-97eb8821fdd5/call-ampseq_pipeline/execution/Results/AdaptorRem/G7B972_S27_val_2.fq.gz
G7B926_S74	/cromwell-executions/ampseq/d857623e-4cad-4ddd-b271-97eb8821fdd5/call-ampseq_pipeline/execution/Results/AdaptorRem/G7B926_S74_val_1.fq.gz	/cromwell-executions/ampseq/d857623e-4cad-4ddd-b271-97eb8821fdd5/call-ampseq_pipeline/execution/Results/AdaptorRem/G7B926_S74_val_2.fq.gz
G7B977_S80	/cromwell-executions/ampseq/d857623e-4cad-4ddd-b271-97eb8821fdd5/call-ampseq_pipeline/execution/Results/AdaptorRem/G7B977_S80_val_1.fq.gz	/cromwell-executions/ampseq/d857623e-4cad-4ddd-b271-97eb8821fdd5/call-ampseq_pipeline/execution/Results/AdaptorRem/G7B977_S80_val_2.fq.gz
G7B995_S69	/cromwell-executions/ampseq/d857623e-4cad-4ddd-b271-97eb8821fdd5/call-ampseq_pipeline/execution/Results/AdaptorRem/G7B995_S69_val_1.fq.gz	/cromwell-executions/ampseq/d857623e-4cad-4ddd-b271-97eb8821fdd5/call-ampseq_pipeline/execution/Results/AdaptorRem/G7B995_S69_val_2.fq.gz
G7B927_S50	/cromwell-executions/ampseq/d857623e-4cad-4ddd-b271-97eb8821fdd5/call-ampseq_pipeline/execution/Results/AdaptorRem/G7B927_S50_val_1.fq.gz	/cromwell-executions/ampseq/d857623e-4cad-4ddd-b271-97eb8821fdd5/call-ampseq_pipeline/execution/Results/AdaptorRem/G7B927_S50_val_2.fq.gz
G4G3778_S67	/cromwell-executions/ampseq/d857623e-4cad-4ddd-b271-97eb8821fdd5/call-ampseq_pipeline/execution/Results/AdaptorRem/G4G3778_S67_val_1.fq.gz	/cromwell-executions/ampseq/d857623e-4cad-4ddd-b271-97eb8821fdd5/call-ampseq_pipeline/execution/Results/AdaptorRem/G4G3778_S67_val_2.fq.gz
G7B920_S39	/cromwell-executions/ampseq/d857623e-4cad-4ddd-b271-97eb8821fdd5/call-ampseq_pipeline/execution/Results/AdaptorRem/G7B920_S39_val_1.fq.gz	/cromwell-executions/ampseq/d857623e-4cad-4ddd-b271-97eb8821fdd5/call-ampseq_pipeline/execution/Results/AdaptorRem/G7B920_S39_val_2.fq.gz
G7B924_S51	/cromwell-executions/ampseq/d857623e-4cad-4ddd-b271-97eb8821fdd5/call-ampseq_pipeline/execution/Results/AdaptorRem/G7B924_S51_val_1.fq.gz	/cromwell-executions/ampseq/d857623e-4cad-4ddd-b271-97eb8821fdd5/call-ampseq_pipeline/execution/Results/AdaptorRem/G7B924_S51_val_2.fq.gz
G7B923_S16	/cromwell-executions/ampseq/d857623e-4cad-4ddd-b271-97eb8821fdd5/call-ampseq_pipeline/execution/Results/AdaptorRem/G7B923_S16_val_1.fq.gz	/cromwell-executions/ampseq/d857623e-4cad-4ddd-b271-97eb8821fdd5/call-ampseq_pipeline/execution/Results/AdaptorRem/G7B923_S16_val_2.fq.gz
G7B988_S33	/cromwell-executions/ampseq/d857623e-4cad-4ddd-b271-97eb8821fdd5/call-ampseq_pipeline/execution/Results/AdaptorRem/G7B988_S33_val_1.fq.gz	/cromwell-executions/ampseq/d857623e-4cad-4ddd-b271-97eb8821fdd5/call-ampseq_pipeline/execution/Results/AdaptorRem/G7B988_S33_val_2.fq.gz
G4G3793_S65	/cromwell-executions/ampseq/d857623e-4cad-4ddd-b271-97eb8821fdd5/call-ampseq_pipeline/execution/Results/AdaptorRem/G4G3793_S65_val_1.fq.gz	/cromwell-executions/ampseq/d857623e-4cad-4ddd-b271-97eb8821fdd5/call-ampseq_pipeline/execution/Results/AdaptorRem/G4G3793_S65_val_2.fq.gz
G7B973_S52	/cromwell-executions/ampseq/d857623e-4cad-4ddd-b271-97eb8821fdd5/call-ampseq_pipeline/execution/Results/AdaptorRem/G7B973_S52_val_1.fq.gz	/cromwell-executions/ampseq/d857623e-4cad-4ddd-b271-97eb8821fdd5/call-ampseq_pipeline/execution/Results/AdaptorRem/G7B973_S52_val_2.fq.gz
G4G3891_S82	/cromwell-executions/ampseq/d857623e-4cad-4ddd-b271-97eb8821fdd5/call-ampseq_pipeline/execution/Results/AdaptorRem/G4G3891_S82_val_1.fq.gz	/cromwell-executions/ampseq/d857623e-4cad-4ddd-b271-97eb8821fdd5/call-ampseq_pipeline/execution/Results/AdaptorRem/G4G3891_S82_val_2.fq.gz
NegControl2_S59	/cromwell-executions/ampseq/d857623e-4cad-4ddd-b271-97eb8821fdd5/call-ampseq_pipeline/execution/Results/AdaptorRem/NegControl2_S59_val_1.fq.gz	/cromwell-executions/ampseq/d857623e-4cad-4ddd-b271-97eb8821fdd5/call-ampseq_pipeline/execution/Results/AdaptorRem/NegControl2_S59_val_2.fq.gz
G7B964_S28	/cromwell-executions/ampseq/d857623e-4cad-4ddd-b271-97eb8821fdd5/call-ampseq_pipeline/execution/Results/AdaptorRem/G7B964_S28_val_1.fq.gz	/cromwell-executions/ampseq/d857623e-4cad-4ddd-b271-97eb8821fdd5/call-ampseq_pipeline/execution/Results/AdaptorRem/G7B964_S28_val_2.fq.gz
G7B944_S49	/cromwell-executions/ampseq/d857623e-4cad-4ddd-b271-97eb8821fdd5/call-ampseq_pipeline/execution/Results/AdaptorRem/G7B944_S49_val_1.fq.gz	/cromwell-executions/ampseq/d857623e-4cad-4ddd-b271-97eb8821fdd5/call-ampseq_pipeline/execution/Results/AdaptorRem/G7B944_S49_val_2.fq.gz
G1M008_S58	/cromwell-executions/ampseq/d857623e-4cad-4ddd-b271-97eb8821fdd5/call-ampseq_pipeline/execution/Results/AdaptorRem/G1M008_S58_val_1.fq.gz	/cromwell-executions/ampseq/d857623e-4cad-4ddd-b271-97eb8821fdd5/call-ampseq_pipeline/execution/Results/AdaptorRem/G1M008_S58_val_2.fq.gz
G7B968_S29	/cromwell-executions/ampseq/d857623e-4cad-4ddd-b271-97eb8821fdd5/call-ampseq_pipeline/execution/Results/AdaptorRem/G7B968_S29_val_1.fq.gz	/cromwell-executions/ampseq/d857623e-4cad-4ddd-b271-97eb8821fdd5/call-ampseq_pipeline/execution/Results/AdaptorRem/G7B968_S29_val_2.fq.gz
G4G3867_S94	/cromwell-executions/ampseq/d857623e-4cad-4ddd-b271-97eb8821fdd5/call-ampseq_pipeline/execution/Results/AdaptorRem/G4G3867_S94_val_1.fq.gz	/cromwell-executions/ampseq/d857623e-4cad-4ddd-b271-97eb8821fdd5/call-ampseq_pipeline/execution/Results/AdaptorRem/G4G3867_S94_val_2.fq.gz
G7B948_S61	/cromwell-executions/ampseq/d857623e-4cad-4ddd-b271-97eb8821fdd5/call-ampseq_pipeline/execution/Results/AdaptorRem/G7B948_S61_val_1.fq.gz	/cromwell-executions/ampseq/d857623e-4cad-4ddd-b271-97eb8821fdd5/call-ampseq_pipeline/execution/Results/AdaptorRem/G7B948_S61_val_2.fq.gz
G4G3776_S54	/cromwell-executions/ampseq/d857623e-4cad-4ddd-b271-97eb8821fdd5/call-ampseq_pipeline/execution/Results/AdaptorRem/G4G3776_S54_val_1.fq.gz	/cromwell-executions/ampseq/d857623e-4cad-4ddd-b271-97eb8821fdd5/call-ampseq_pipeline/execution/Results/AdaptorRem/G4G3776_S54_val_2.fq.gz
G7B987_S92	/cromwell-executions/ampseq/d857623e-4cad-4ddd-b271-97eb8821fdd5/call-ampseq_pipeline/execution/Results/AdaptorRem/G7B987_S92_val_1.fq.gz	/cromwell-executions/ampseq/d857623e-4cad-4ddd-b271-97eb8821fdd5/call-ampseq_pipeline/execution/Results/AdaptorRem/G7B987_S92_val_2.fq.gz
G7B915_S37	/cromwell-executions/ampseq/d857623e-4cad-4ddd-b271-97eb8821fdd5/call-ampseq_pipeline/execution/Results/AdaptorRem/G7B915_S37_val_1.fq.gz	/cromwell-executions/ampseq/d857623e-4cad-4ddd-b271-97eb8821fdd5/call-ampseq_pipeline/execution/Results/AdaptorRem/G7B915_S37_val_2.fq.gz
G7B918_S62	/cromwell-executions/ampseq/d857623e-4cad-4ddd-b271-97eb8821fdd5/call-ampseq_pipeline/execution/Results/AdaptorRem/G7B918_S62_val_1.fq.gz	/cromwell-executions/ampseq/d857623e-4cad-4ddd-b271-97eb8821fdd5/call-ampseq_pipeline/execution/Results/AdaptorRem/G7B918_S62_val_2.fq.gz
G4G3845_S23	/cromwell-executions/ampseq/d857623e-4cad-4ddd-b271-97eb8821fdd5/call-ampseq_pipeline/execution/Results/AdaptorRem/G4G3845_S23_val_1.fq.gz	/cromwell-executions/ampseq/d857623e-4cad-4ddd-b271-97eb8821fdd5/call-ampseq_pipeline/execution/Results/AdaptorRem/G4G3845_S23_val_2.fq.gz
G7B956_S26	/cromwell-executions/ampseq/d857623e-4cad-4ddd-b271-97eb8821fdd5/call-ampseq_pipeline/execution/Results/AdaptorRem/G7B956_S26_val_1.fq.gz	/cromwell-executions/ampseq/d857623e-4cad-4ddd-b271-97eb8821fdd5/call-ampseq_pipeline/execution/Results/AdaptorRem/G7B956_S26_val_2.fq.gz
NegControl1_S14	/cromwell-executions/ampseq/d857623e-4cad-4ddd-b271-97eb8821fdd5/call-ampseq_pipeline/execution/Results/AdaptorRem/NegControl1_S14_val_1.fq.gz	/cromwell-executions/ampseq/d857623e-4cad-4ddd-b271-97eb8821fdd5/call-ampseq_pipeline/execution/Results/AdaptorRem/NegControl1_S14_val_2.fq.gz
G4G3876_S35	/cromwell-executions/ampseq/d857623e-4cad-4ddd-b271-97eb8821fdd5/call-ampseq_pipeline/execution/Results/AdaptorRem/G4G3876_S35_val_1.fq.gz	/cromwell-executions/ampseq/d857623e-4cad-4ddd-b271-97eb8821fdd5/call-ampseq_pipeline/execution/Results/AdaptorRem/G4G3876_S35_val_2.fq.gz
G4G3900_S24	/cromwell-executions/ampseq/d857623e-4cad-4ddd-b271-97eb8821fdd5/call-ampseq_pipeline/execution/Results/AdaptorRem/G4G3900_S24_val_1.fq.gz	/cromwell-executions/ampseq/d857623e-4cad-4ddd-b271-97eb8821fdd5/call-ampseq_pipeline/execution/Results/AdaptorRem/G4G3900_S24_val_2.fq.gz
G7B984_S93	/cromwell-executions/ampseq/d857623e-4cad-4ddd-b271-97eb8821fdd5/call-ampseq_pipeline/execution/Results/AdaptorRem/G7B984_S93_val_1.fq.gz	/cromwell-executions/ampseq/d857623e-4cad-4ddd-b271-97eb8821fdd5/call-ampseq_pipeline/execution/Results/AdaptorRem/G7B984_S93_val_2.fq.gz
G7B959_S64	/cromwell-executions/ampseq/d857623e-4cad-4ddd-b271-97eb8821fdd5/call-ampseq_pipeline/execution/Results/AdaptorRem/G7B959_S64_val_1.fq.gz	/cromwell-executions/ampseq/d857623e-4cad-4ddd-b271-97eb8821fdd5/call-ampseq_pipeline/execution/Results/AdaptorRem/G7B959_S64_val_2.fq.gz
G4G3855_S72	/cromwell-executions/ampseq/d857623e-4cad-4ddd-b271-97eb8821fdd5/call-ampseq_pipeline/execution/Results/AdaptorRem/G4G3855_S72_val_1.fq.gz	/cromwell-executions/ampseq/d857623e-4cad-4ddd-b271-97eb8821fdd5/call-ampseq_pipeline/execution/Results/AdaptorRem/G4G3855_S72_val_2.fq.gz
G4G3787_S19	/cromwell-executions/ampseq/d857623e-4cad-4ddd-b271-97eb8821fdd5/call-ampseq_pipeline/execution/Results/AdaptorRem/G4G3787_S19_val_1.fq.gz	/cromwell-executions/ampseq/d857623e-4cad-4ddd-b271-97eb8821fdd5/call-ampseq_pipeline/execution/Results/AdaptorRem/G4G3787_S19_val_2.fq.gz
G7B953_S41	/cromwell-executions/ampseq/d857623e-4cad-4ddd-b271-97eb8821fdd5/call-ampseq_pipeline/execution/Results/AdaptorRem/G7B953_S41_val_1.fq.gz	/cromwell-executions/ampseq/d857623e-4cad-4ddd-b271-97eb8821fdd5/call-ampseq_pipeline/execution/Results/AdaptorRem/G7B953_S41_val_2.fq.gz
G7B952_S5	/cromwell-executions/ampseq/d857623e-4cad-4ddd-b271-97eb8821fdd5/call-ampseq_pipeline/execution/Results/AdaptorRem/G7B952_S5_val_1.fq.gz	/cromwell-executions/ampseq/d857623e-4cad-4ddd-b271-97eb8821fdd5/call-ampseq_pipeline/execution/Results/AdaptorRem/G7B952_S5_val_2.fq.gz
G4G3775_S20	/cromwell-executions/ampseq/d857623e-4cad-4ddd-b271-97eb8821fdd5/call-ampseq_pipeline/execution/Results/AdaptorRem/G4G3775_S20_val_1.fq.gz	/cromwell-executions/ampseq/d857623e-4cad-4ddd-b271-97eb8821fdd5/call-ampseq_pipeline/execution/Results/AdaptorRem/G4G3775_S20_val_2.fq.gz
G4G3802_S90	/cromwell-executions/ampseq/d857623e-4cad-4ddd-b271-97eb8821fdd5/call-ampseq_pipeline/execution/Results/AdaptorRem/G4G3802_S90_val_1.fq.gz	/cromwell-executions/ampseq/d857623e-4cad-4ddd-b271-97eb8821fdd5/call-ampseq_pipeline/execution/Results/AdaptorRem/G4G3802_S90_val_2.fq.gz
G7B925_S40	/cromwell-executions/ampseq/d857623e-4cad-4ddd-b271-97eb8821fdd5/call-ampseq_pipeline/execution/Results/AdaptorRem/G7B925_S40_val_1.fq.gz	/cromwell-executions/ampseq/d857623e-4cad-4ddd-b271-97eb8821fdd5/call-ampseq_pipeline/execution/Results/AdaptorRem/G7B925_S40_val_2.fq.gz
G4G3707_S1	/cromwell-executions/ampseq/d857623e-4cad-4ddd-b271-97eb8821fdd5/call-ampseq_pipeline/execution/Results/AdaptorRem/G4G3707_S1_val_1.fq.gz	/cromwell-executions/ampseq/d857623e-4cad-4ddd-b271-97eb8821fdd5/call-ampseq_pipeline/execution/Results/AdaptorRem/G4G3707_S1_val_2.fq.gz
G4G3842_S95	/cromwell-executions/ampseq/d857623e-4cad-4ddd-b271-97eb8821fdd5/call-ampseq_pipeline/execution/Results/AdaptorRem/G4G3842_S95_val_1.fq.gz	/cromwell-executions/ampseq/d857623e-4cad-4ddd-b271-97eb8821fdd5/call-ampseq_pipeline/execution/Results/AdaptorRem/G4G3842_S95_val_2.fq.gz
G7B979_S57	/cromwell-executions/ampseq/d857623e-4cad-4ddd-b271-97eb8821fdd5/call-ampseq_pipeline/execution/Results/AdaptorRem/G7B979_S57_val_1.fq.gz	/cromwell-executions/ampseq/d857623e-4cad-4ddd-b271-97eb8821fdd5/call-ampseq_pipeline/execution/Results/AdaptorRem/G7B979_S57_val_2.fq.gz
G4G3758_S6	/cromwell-executions/ampseq/d857623e-4cad-4ddd-b271-97eb8821fdd5/call-ampseq_pipeline/execution/Results/AdaptorRem/G4G3758_S6_val_1.fq.gz	/cromwell-executions/ampseq/d857623e-4cad-4ddd-b271-97eb8821fdd5/call-ampseq_pipeline/execution/Results/AdaptorRem/G4G3758_S6_val_2.fq.gz
G4G3887_S11	/cromwell-executions/ampseq/d857623e-4cad-4ddd-b271-97eb8821fdd5/call-ampseq_pipeline/execution/Results/AdaptorRem/G4G3887_S11_val_1.fq.gz	/cromwell-executions/ampseq/d857623e-4cad-4ddd-b271-97eb8821fdd5/call-ampseq_pipeline/execution/Results/AdaptorRem/G4G3887_S11_val_2.fq.gz
G4G3783_S68	/cromwell-executions/ampseq/d857623e-4cad-4ddd-b271-97eb8821fdd5/call-ampseq_pipeline/execution/Results/AdaptorRem/G4G3783_S68_val_1.fq.gz	/cromwell-executions/ampseq/d857623e-4cad-4ddd-b271-97eb8821fdd5/call-ampseq_pipeline/execution/Results/AdaptorRem/G4G3783_S68_val_2.fq.gz
G4G3791_S32	/cromwell-executions/ampseq/d857623e-4cad-4ddd-b271-97eb8821fdd5/call-ampseq_pipeline/execution/Results/AdaptorRem/G4G3791_S32_val_1.fq.gz	/cromwell-executions/ampseq/d857623e-4cad-4ddd-b271-97eb8821fdd5/call-ampseq_pipeline/execution/Results/AdaptorRem/G4G3791_S32_val_2.fq.gz
G4G3825_S31	/cromwell-executions/ampseq/d857623e-4cad-4ddd-b271-97eb8821fdd5/call-ampseq_pipeline/execution/Results/AdaptorRem/G4G3825_S31_val_1.fq.gz	/cromwell-executions/ampseq/d857623e-4cad-4ddd-b271-97eb8821fdd5/call-ampseq_pipeline/execution/Results/AdaptorRem/G4G3825_S31_val_2.fq.gz
G4G3872_S47	/cromwell-executions/ampseq/d857623e-4cad-4ddd-b271-97eb8821fdd5/call-ampseq_pipeline/execution/Results/AdaptorRem/G4G3872_S47_val_1.fq.gz	/cromwell-executions/ampseq/d857623e-4cad-4ddd-b271-97eb8821fdd5/call-ampseq_pipeline/execution/Results/AdaptorRem/G4G3872_S47_val_2.fq.gz
G4G3803_S8	/cromwell-executions/ampseq/d857623e-4cad-4ddd-b271-97eb8821fdd5/call-ampseq_pipeline/execution/Results/AdaptorRem/G4G3803_S8_val_1.fq.gz	/cromwell-executions/ampseq/d857623e-4cad-4ddd-b271-97eb8821fdd5/call-ampseq_pipeline/execution/Results/AdaptorRem/G4G3803_S8_val_2.fq.gz
G4G3755_S79	/cromwell-executions/ampseq/d857623e-4cad-4ddd-b271-97eb8821fdd5/call-ampseq_pipeline/execution/Results/AdaptorRem/G4G3755_S79_val_1.fq.gz	/cromwell-executions/ampseq/d857623e-4cad-4ddd-b271-97eb8821fdd5/call-ampseq_pipeline/execution/Results/AdaptorRem/G4G3755_S79_val_2.fq.gz
G4G3772_S78	/cromwell-executions/ampseq/d857623e-4cad-4ddd-b271-97eb8821fdd5/call-ampseq_pipeline/execution/Results/AdaptorRem/G4G3772_S78_val_1.fq.gz	/cromwell-executions/ampseq/d857623e-4cad-4ddd-b271-97eb8821fdd5/call-ampseq_pipeline/execution/Results/AdaptorRem/G4G3772_S78_val_2.fq.gz
G1M034_S46	/cromwell-executions/ampseq/d857623e-4cad-4ddd-b271-97eb8821fdd5/call-ampseq_pipeline/execution/Results/AdaptorRem/G1M034_S46_val_1.fq.gz	/cromwell-executions/ampseq/d857623e-4cad-4ddd-b271-97eb8821fdd5/call-ampseq_pipeline/execution/Results/AdaptorRem/G1M034_S46_val_2.fq.gz
G7B1008_S45	/cromwell-executions/ampseq/d857623e-4cad-4ddd-b271-97eb8821fdd5/call-ampseq_pipeline/execution/Results/AdaptorRem/G7B1008_S45_val_1.fq.gz	/cromwell-executions/ampseq/d857623e-4cad-4ddd-b271-97eb8821fdd5/call-ampseq_pipeline/execution/Results/AdaptorRem/G7B1008_S45_val_2.fq.gz
G7B957_S53	/cromwell-executions/ampseq/d857623e-4cad-4ddd-b271-97eb8821fdd5/call-ampseq_pipeline/execution/Results/AdaptorRem/G7B957_S53_val_1.fq.gz	/cromwell-executions/ampseq/d857623e-4cad-4ddd-b271-97eb8821fdd5/call-ampseq_pipeline/execution/Results/AdaptorRem/G7B957_S53_val_2.fq.gz
G7B947_S86	/cromwell-executions/ampseq/d857623e-4cad-4ddd-b271-97eb8821fdd5/call-ampseq_pipeline/execution/Results/AdaptorRem/G7B947_S86_val_1.fq.gz	/cromwell-executions/ampseq/d857623e-4cad-4ddd-b271-97eb8821fdd5/call-ampseq_pipeline/execution/Results/AdaptorRem/G7B947_S86_val_2.fq.gz
G4G3782_S89	/cromwell-executions/ampseq/d857623e-4cad-4ddd-b271-97eb8821fdd5/call-ampseq_pipeline/execution/Results/AdaptorRem/G4G3782_S89_val_1.fq.gz	/cromwell-executions/ampseq/d857623e-4cad-4ddd-b271-97eb8821fdd5/call-ampseq_pipeline/execution/Results/AdaptorRem/G4G3782_S89_val_2.fq.gz
G7B969_S75	/cromwell-executions/ampseq/d857623e-4cad-4ddd-b271-97eb8821fdd5/call-ampseq_pipeline/execution/Results/AdaptorRem/G7B969_S75_val_1.fq.gz	/cromwell-executions/ampseq/d857623e-4cad-4ddd-b271-97eb8821fdd5/call-ampseq_pipeline/execution/Results/AdaptorRem/G7B969_S75_val_2.fq.gz
G7B943_S73	/cromwell-executions/ampseq/d857623e-4cad-4ddd-b271-97eb8821fdd5/call-ampseq_pipeline/execution/Results/AdaptorRem/G7B943_S73_val_1.fq.gz	/cromwell-executions/ampseq/d857623e-4cad-4ddd-b271-97eb8821fdd5/call-ampseq_pipeline/execution/Results/AdaptorRem/G7B943_S73_val_2.fq.gz
G4G3763_S7	/cromwell-executions/ampseq/d857623e-4cad-4ddd-b271-97eb8821fdd5/call-ampseq_pipeline/execution/Results/AdaptorRem/G4G3763_S7_val_1.fq.gz	/cromwell-executions/ampseq/d857623e-4cad-4ddd-b271-97eb8821fdd5/call-ampseq_pipeline/execution/Results/AdaptorRem/G4G3763_S7_val_2.fq.gz
G7B934_S85	/cromwell-executions/ampseq/d857623e-4cad-4ddd-b271-97eb8821fdd5/call-ampseq_pipeline/execution/Results/AdaptorRem/G7B934_S85_val_1.fq.gz	/cromwell-executions/ampseq/d857623e-4cad-4ddd-b271-97eb8821fdd5/call-ampseq_pipeline/execution/Results/AdaptorRem/G7B934_S85_val_2.fq.gz
G7B980_S22	/cromwell-executions/ampseq/d857623e-4cad-4ddd-b271-97eb8821fdd5/call-ampseq_pipeline/execution/Results/AdaptorRem/G7B980_S22_val_1.fq.gz	/cromwell-executions/ampseq/d857623e-4cad-4ddd-b271-97eb8821fdd5/call-ampseq_pipeline/execution/Results/AdaptorRem/G7B980_S22_val_2.fq.gz
G7B930_S88	/cromwell-executions/ampseq/d857623e-4cad-4ddd-b271-97eb8821fdd5/call-ampseq_pipeline/execution/Results/AdaptorRem/G7B930_S88_val_1.fq.gz	/cromwell-executions/ampseq/d857623e-4cad-4ddd-b271-97eb8821fdd5/call-ampseq_pipeline/execution/Results/AdaptorRem/G7B930_S88_val_2.fq.gz
G7B931_S63	/cromwell-executions/ampseq/d857623e-4cad-4ddd-b271-97eb8821fdd5/call-ampseq_pipeline/execution/Results/AdaptorRem/G7B931_S63_val_1.fq.gz	/cromwell-executions/ampseq/d857623e-4cad-4ddd-b271-97eb8821fdd5/call-ampseq_pipeline/execution/Results/AdaptorRem/G7B931_S63_val_2.fq.gz
G7B981_S34	/cromwell-executions/ampseq/d857623e-4cad-4ddd-b271-97eb8821fdd5/call-ampseq_pipeline/execution/Results/AdaptorRem/G7B981_S34_val_1.fq.gz	/cromwell-executions/ampseq/d857623e-4cad-4ddd-b271-97eb8821fdd5/call-ampseq_pipeline/execution/Results/AdaptorRem/G7B981_S34_val_2.fq.gz
G7B939_S87	/cromwell-executions/ampseq/d857623e-4cad-4ddd-b271-97eb8821fdd5/call-ampseq_pipeline/execution/Results/AdaptorRem/G7B939_S87_val_1.fq.gz	/cromwell-executions/ampseq/d857623e-4cad-4ddd-b271-97eb8821fdd5/call-ampseq_pipeline/execution/Results/AdaptorRem/G7B939_S87_val_2.fq.gz
G7B937_S15	/cromwell-executions/ampseq/d857623e-4cad-4ddd-b271-97eb8821fdd5/call-ampseq_pipeline/execution/Results/AdaptorRem/G7B937_S15_val_1.fq.gz	/cromwell-executions/ampseq/d857623e-4cad-4ddd-b271-97eb8821fdd5/call-ampseq_pipeline/execution/Results/AdaptorRem/G7B937_S15_val_2.fq.gz
G7B998_S21	/cromwell-executions/ampseq/d857623e-4cad-4ddd-b271-97eb8821fdd5/call-ampseq_pipeline/execution/Results/AdaptorRem/G7B998_S21_val_1.fq.gz	/cromwell-executions/ampseq/d857623e-4cad-4ddd-b271-97eb8821fdd5/call-ampseq_pipeline/execution/Results/AdaptorRem/G7B998_S21_val_2.fq.gz
G4G3751_S43	/cromwell-executions/ampseq/d857623e-4cad-4ddd-b271-97eb8821fdd5/call-ampseq_pipeline/execution/Results/AdaptorRem/G4G3751_S43_val_1.fq.gz	/cromwell-executions/ampseq/d857623e-4cad-4ddd-b271-97eb8821fdd5/call-ampseq_pipeline/execution/Results/AdaptorRem/G4G3751_S43_val_2.fq.gz
