sequence	forward_barcodes	reverse_barcodes	forward_distances	reverse_distances	five_prime_ends	three_prime_ends	match_status	insert_sizes
@M00628:19:000000000-LCNRM:1:1102:20993:5813 1:N:0:CCATCACGTG+AACCAGGAGA	GTGGCTGCT	CGACTTGG	0	0	GTGGCTGCT	CCAAGTCG	Match	108
@M00628:19:000000000-LCNRM:1:1102:24963:7072 1:N:0:CCATCACGTG+AACCAGGAGA	GTGGCTGCT	CGACTTGG	0	0	GTGGCTGCT	CCAAGTCG	Match	108
@M00628:19:000000000-LCNRM:1:1102:11832:7178 1:N:0:CCATCACGTG+AACCAGGAGA	GTGGCTGCT	CGACTTGG	0	0	GTGGCTGCT	CCAAGTCG	Match	493
@M00628:19:000000000-LCNRM:1:1102:8221:13656 1:N:0:CCATCACGTG+AACCAGGAGA	GTGGCTGCT	CGACTTGG	0	0	GTGGCTGCT	CCAAGTCG	Match	82
@M00628:19:000000000-LCNRM:1:1102:9218:14170 1:N:0:CCATCACGTG+AACCAGGAGA	GTGGCTGCT	CGACTTGG	0	0	GTGGCTGCT	CCAAGTCG	Match	110
@M00628:19:000000000-LCNRM:1:1102:4927:16637 1:N:0:CCATCACGTG+AACCAGGAGA	GTGGCTGCT	CGACTTGG	0	0	GTGGCTGCT	CCAAGTCG	Match	150
@M00628:19:000000000-LCNRM:1:1102:13944:19139 1:N:0:CCATCACGTG+AACCAGGAGA	GTGGCTGCT	CGACTTGG	0	0	GTGGCTGCT	CCAAGTCG	Match	118
@M00628:19:000000000-LCNRM:1:1102:14805:19463 1:N:0:CCATCACGTG+AACCAGGAGA	GTGGCTGCT	CGACTTGG	0	0	GTGGCTGCT	CCAAGTCG	Match	150
@M00628:19:000000000-LCNRM:1:1102:9557:19490 1:N:0:CCATCACGTG+AACCAGGAGA	GTGGCTGCT	CGACTTGG	0	0	GTGGCTGCT	CCAAGTCG	Match	108
@M00628:19:000000000-LCNRM:1:1102:25907:20979 1:N:0:CCATCACGTG+AACCAGGAGA	GTGGCTGCT	CGACTTGG	0	0	GTGGCTGCT	CCAAGTCG	Match	108
@M00628:19:000000000-LCNRM:1:1102:9591:21080 1:N:0:CCATCACGTG+AACCAGGAGA	GTGGCTGCT	CGACTTGG	0	0	GTGGCTGCT	CCAAGTCG	Match	114
@M00628:19:000000000-LCNRM:1:1102:12004:24931 1:N:0:CCATCACGTG+AACCAGGAGA	GTGGCTGCT	CGACTTGG	0	0	GTGGCTGCT	CCAAGTCG	Match	108
@M00628:19:000000000-LCNRM:1:1101:21943:4781 1:N:0:CCATCACGTG+AACCAGGAGA	GTGGCTGCT	CGACTTGG	0	1	GTGGCTGCT	TCAAGTCG	Match	495
@M00628:19:000000000-LCNRM:1:1101:7905:6860 1:N:0:CCATCACGTG+AACCAGGAGA	GTGGCTGCT	CGACTTGG	0	0	GTGGCTGCT	CCAAGTCG	Match	108
@M00628:19:000000000-LCNRM:1:1101:24992:8012 1:N:0:CCATCACGTG+AACCAGGAGA	GTGGCTGCT	CGACTTGG	0	0	GTGGCTGCT	CCAAGTCG	Match	495
@M00628:19:000000000-LCNRM:1:1101:10407:8954 1:N:0:CCATCACGTG+AACCAGGAGA	GTGGCTGCT	CGACTTGG	0	0	GTGGCTGCT	CCAAGTCG	Match	108
@M00628:19:000000000-LCNRM:1:1101:26124:9946 1:N:0:CCATCACGTG+AACCAGGAGA	GTGGCTGCT	CGACTTGG	0	0	GTGGCTGCT	CCAAGTCG	Match	495
@M00628:19:000000000-LCNRM:1:1101:27052:10926 1:N:0:CCATCACGTG+AACCAGGAGA	GTGGCTGCT	CGACTTGG	0	0	GTGGCTGCT	CCAAGTCG	Match	128
@M00628:19:000000000-LCNRM:1:1101:10603:15529 1:N:0:CCATCACGTG+AACCAGGAGA	GTGGCTGCT	CGACTTGG	0	0	GTGGCTGCT	CCAAGTCG	Match	108
@M00628:19:000000000-LCNRM:1:1101:18560:16311 1:N:0:CCATCACGTG+AACCAGGAGA	GTGGCTGCT	CGACTTGG	0	0	GTGGCTGCT	CCAAGTCG	Match	420
@M00628:19:000000000-LCNRM:1:1101:18880:19279 1:N:0:CCATCACGTG+AACCAGGAGA	GTGGCTGCT	CGACTTGG	0	0	GTGGCTGCT	CCAAGTCG	Match	372
@M00628:19:000000000-LCNRM:1:1101:8996:20025 1:N:0:CCATCACGTG+AACCAGGAGA	GTGGCTGCT	CGACTTGG	0	0	GTGGCTGCT	CCAAGTCG	Match	100
@M00628:19:000000000-LCNRM:1:1101:19072:23572 1:N:0:CCATCACGTG+AACCAGGAGA	GTGGCTGCT	CGACTTGG	0	0	GTGGCTGCT	CCAAGTCG	Match	264
@M00628:19:000000000-LCNRM:1:1101:7528:23730 1:N:0:CCATCACGTG+AACCAGGAGA	GTGGCTGCT	CGACTTGG	0	0	GTGGCTGCT	CCAAGTCG	Match	491
@M00628:19:000000000-LCNRM:1:1101:11109:26226 1:N:0:CCATCACGTG+AACCAGGAGA	GTGGCTGCT	CGACTTGG	0	0	GTGGCTGCT	CCAAGTCG	Match	108
@M00628:19:000000000-LCNRM:1:1101:11523:26390 1:N:0:CCATCACGTG+AACCAGGAGA	GTGGCTGCT	CGACTTGG	0	1	GTGGCTGCT	ACAAGTCG	Match	108
@M00628:19:000000000-LCNRM:1:1103:8906:4057 1:N:0:CCATCACGTG+AACCAGGAGA	GTGGCTGCT	CGACTTGG	0	0	GTGGCTGCT	CCAAGTCG	Match	495
@M00628:19:000000000-LCNRM:1:1103:8716:5417 1:N:0:CCATCACGTG+AACCAGGAGA	GTGGCTGCT	CGACTTGG	0	0	GTGGCTGCT	CCAAGTCG	Match	495
@M00628:19:000000000-LCNRM:1:1103:27764:9615 1:N:0:CCATCACGTG+AACCAGGAGA	GTGGCTGCT	CGACTTGG	0	0	GTGGCTGCT	CCAAGTCG	Match	108
@M00628:19:000000000-LCNRM:1:1103:12102:10550 1:N:0:CCATCACGTG+AACCAGGAGA	GTGGCTGCT	CGACTTGG	0	0	GTGGCTGCT	CCAAGTCG	Match	114
@M00628:19:000000000-LCNRM:1:1103:17425:11226 1:N:0:CCATCACGTG+AACCAGGAGA	GTGGCTGCT	CGACTTGG	0	0	GTGGCTGCT	CCAAGTCG	Match	108
@M00628:19:000000000-LCNRM:1:1103:24472:11320 1:N:0:CCATCACGTG+AACCAGGAGA	GTGGCTGCT	CGACTTGG	0	0	GTGGCTGCT	CCAAGTCG	Match	334
@M00628:19:000000000-LCNRM:1:1103:24556:12978 1:N:0:CCATCACGTG+AACCAGGAGA	GTGGCTGCT	CGACTTGG	0	0	GTGGCTGCT	CCAAGTCG	Match	420
@M00628:19:000000000-LCNRM:1:1103:21169:13700 1:N:0:CCATCACGTG+AACCAGGAGA	GTGGCTGCT	CGACTTGG	0	0	GTGGCTGCT	CCAAGTCG	Match	108
@M00628:19:000000000-LCNRM:1:1103:4613:15454 1:N:0:CCATCACGTG+AACCAGGAGA	GTGGCTGCT	CGACTTGG	0	1	GTGGCTGCT	ACAAGTCG	Match	493
@M00628:19:000000000-LCNRM:1:1103:28075:21211 1:N:0:CCATCACGTG+AACCAGGAGA	GTGGCTGCT	CGACTTGG	0	0	GTGGCTGCT	CCAAGTCG	Match	420
@M00628:19:000000000-LCNRM:1:1103:20070:22456 1:N:0:CCATCACGTG+AACCAGGAGA	GTGGCTGCT	CGACTTGG	0	0	GTGGCTGCT	CCAAGTCG	Match	118
@M00628:19:000000000-LCNRM:1:1103:14813:23139 1:N:0:CCATCACGTG+AACCAGGAGA	GTGGCTGCT	CGACTTGG	0	0	GTGGCTGCT	CCAAGTCG	Match	420
@M00628:19:000000000-LCNRM:1:1103:12549:26206 1:N:0:CCATCACGTG+AACCAGGAGA	GTGGCTGCT	CGACTTGG	0	0	GTGGCTGCT	CCAAGTCG	Match	494
@M00628:19:000000000-LCNRM:1:1104:4999:7840 1:N:0:CCATCACGTG+AACCAGGAGA	GTGGCTGCT	CGACTTGG	0	0	GTGGCTGCT	CCAAGTCG	Match	108
@M00628:19:000000000-LCNRM:1:1104:7784:9889 1:N:0:CCATCACGTG+AACCAGGAGA	GTGGCTGCT	CGACTTGG	0	0	GTGGCTGCT	CCAAGTCG	Match	495
@M00628:19:000000000-LCNRM:1:1104:4723:10939 1:N:0:CCATCACGTG+AACCAGGAGA	GTGGCTGCT	CGACTTGG	0	0	GTGGCTGCT	CCAAGTCG	Match	420
@M00628:19:000000000-LCNRM:1:1104:19726:12432 1:N:0:CCATCACGTG+AACCAGGAGA	GTGGCTGCT	CGACTTGG	0	0	GTGGCTGCT	CCAAGTCG	Match	108
@M00628:19:000000000-LCNRM:1:1104:24451:13358 1:N:0:CCATCACGTG+AACCAGGAGA	GTGGCTGCT	CGACTTGG	0	0	GTGGCTGCT	CCAAGTCG	Match	495
@M00628:19:000000000-LCNRM:1:1104:26941:15101 1:N:0:CCATCACGTG+AACCAGGAGA	GTGGCTGCT	CGACTTGG	0	0	GTGGCTGCT	CCAAGTCG	Match	108
@M00628:19:000000000-LCNRM:1:1104:21334:16871 1:N:0:CCATCACGTG+AACCAGGAGA	GTGGCTGCT	CGACTTGG	0	0	GTGGCTGCT	CCAAGTCG	Match	108
@M00628:19:000000000-LCNRM:1:1104:7494:17029 1:N:0:CCATCACGTG+AACCAGGAGA	GTGGCTGCT	CGACTTGG	0	0	GTGGCTGCT	CCAAGTCG	Match	494
@M00628:19:000000000-LCNRM:1:1104:22715:24611 1:N:0:CCATCACGTG+AACCAGGAGA	GTGGCTGCT	CGACTTGG	0	0	GTGGCTGCT	CCAAGTCG	Match	420
@M00628:19:000000000-LCNRM:1:1104:13473:25273 1:N:0:CCATCACGTG+AACCAGGAGA	GTGGCTGCT	CGACTTGG	0	0	GTGGCTGCT	CCAAGTCG	Match	108
@M00628:19:000000000-LCNRM:1:1105:15733:9870 1:N:0:CCATCACGTG+AACCAGGAGA	GTGGCTGCT	CGACTTGG	0	0	GTGGCTGCT	CCAAGTCG	Match	491
@M00628:19:000000000-LCNRM:1:1105:11908:11536 1:N:0:CCATCACGTG+AACCAGGAGA	GTGGCTGCT	CGACTTGG	0	0	GTGGCTGCT	CCAAGTCG	Match	420
@M00628:19:000000000-LCNRM:1:1105:5469:12922 1:N:0:CCATCACGTG+AACCAGGAGA	GTGGCTGCT	CGACTTGG	0	0	GTGGCTGCT	CCAAGTCG	Match	494
@M00628:19:000000000-LCNRM:1:1105:7543:17220 1:N:0:CCATCACGTG+AACCAGGAGA	GTGGCTGCT	CGACTTGG	0	0	GTGGCTGCT	CCAAGTCG	Match	495
@M00628:19:000000000-LCNRM:1:1105:12901:20315 1:N:0:CCATCACGTG+AACCAGGAGA	GTGGCTGCT	CGACTTGG	0	0	GTGGCTGCT	CCAAGTCG	Match	491
@M00628:19:000000000-LCNRM:1:1105:16560:24188 1:N:0:CCATCACGTG+AACCAGGAGA	GTGGCTGCT	CGACTTGG	0	0	GTGGCTGCT	CCAAGTCG	Match	100
@M00628:19:000000000-LCNRM:1:1106:19086:4301 1:N:0:CCATCACGTG+AACCAGGAGA	GTGGCTGCT	CGACTTGG	0	0	GTGGCTGCT	CCAAGTCG	Match	495
@M00628:19:000000000-LCNRM:1:1106:25083:6064 1:N:0:CCATCACGTG+AACCAGGAGA	GTGGCTGCT	CGACTTGG	0	0	GTGGCTGCT	CCAAGTCG	Match	108
@M00628:19:000000000-LCNRM:1:1106:15923:6260 1:N:0:CCATCACGTG+AACCAGGAGA	GTGGCTGCT	CGACTTGG	0	0	GTGGCTGCT	CCAAGTCG	Match	108
@M00628:19:000000000-LCNRM:1:1106:14222:12089 1:N:0:CCATCACGTG+AACCAGGAGA	GTGGCTGCT	CGACTTGG	0	0	GTGGCTGCT	CCAAGTCG	Match	495
@M00628:19:000000000-LCNRM:1:1106:26365:12102 1:N:0:CCATCACGTG+AACCAGGAGA	GTGGCTGCT	CGACTTGG	0	0	GTGGCTGCT	CCAAGTCG	Match	114
@M00628:19:000000000-LCNRM:1:1106:2540:17660 1:N:0:CCATCACGTG+AACCAGGAGA	GTGGCTGCT	CGACTTGG	0	0	GTGGCTGCT	CCAAGTCG	Match	491
@M00628:19:000000000-LCNRM:1:1106:11503:18399 1:N:0:CCATCACGTG+AACCAGGAGA	GTGGCTGCT	CGACTTGG	0	0	GTGGCTGCT	CCAAGTCG	Match	108
@M00628:19:000000000-LCNRM:1:1107:19070:8141 1:N:0:CCATCACGTG+AACCAGGAGA	GTGGCTGCT	CGACTTGG	0	0	GTGGCTGCT	CCAAGTCG	Match	495
@M00628:19:000000000-LCNRM:1:1107:21919:8172 1:N:0:CCATCACGTG+AACCAGGAGA	GTGGCTGCT	CGACTTGG	1	0	GTCGCTGCT	CCAAGTCG	Match	495
@M00628:19:000000000-LCNRM:1:1107:5039:8291 1:N:0:CCATCACGTG+AACCAGGAGA	GTGGCTGCT	CGACTTGG	0	0	GTGGCTGCT	CCAAGTCG	Match	494
@M00628:19:000000000-LCNRM:1:1107:18767:8829 1:N:0:CCATCACGTG+AACCAGGAGA	GTGGCTGCT	CGACTTGG	0	0	GTGGCTGCT	CCAAGTCG	Match	150
@M00628:19:000000000-LCNRM:1:1107:21219:10940 1:N:0:CCATCACGTG+AACCAGGAGA	GTGGCTGCT	CGACTTGG	0	0	GTGGCTGCT	CCAAGTCG	Match	495
@M00628:19:000000000-LCNRM:1:1107:15406:10948 1:N:0:CCATCACGTG+AACCAGGAGA	GTGGCTGCT	CGACTTGG	0	0	GTGGCTGCT	CCAAGTCG	Match	106
@M00628:19:000000000-LCNRM:1:1107:12588:11865 1:N:0:CCATCACGTG+AACCAGGAGA	GTGGCTGCT	CGACTTGG	0	0	GTGGCTGCT	CCAAGTCG	Match	114
@M00628:19:000000000-LCNRM:1:1107:8838:12845 1:N:0:CCATCACGTG+AACCAGGAGA	GTGGCTGCT	CGACTTGG	0	0	GTGGCTGCT	CCAAGTCG	Match	106
@M00628:19:000000000-LCNRM:1:1107:28433:15180 1:N:0:CCATCACGTG+AACCAGGAGA	GTGGCTGCT	CGACTTGG	0	0	GTGGCTGCT	CCAAGTCG	Match	494
@M00628:19:000000000-LCNRM:1:1107:26324:15620 1:N:0:CCATCACGTG+AACCAGGAGA	GTGGCTGCT	CGACTTGG	0	0	GTGGCTGCT	CCAAGTCG	Match	114
@M00628:19:000000000-LCNRM:1:1107:5209:16467 1:N:0:CCATCACGTG+AACCAGGAGA	GTGGCTGCT	CGACTTGG	0	0	GTGGCTGCT	CCAAGTCG	Match	495
@M00628:19:000000000-LCNRM:1:1107:20443:18929 1:N:0:CCATCACGTG+AACCAGGAGA	GTGGCTGCT	CGACTTGG	0	0	GTGGCTGCT	CCAAGTCG	Match	108
@M00628:19:000000000-LCNRM:1:1107:16742:22015 1:N:0:CCATCACGTG+AACCAGGAGA	GTGGCTGCT	CGACTTGG	0	0	GTGGCTGCT	CCAAGTCG	Match	108
@M00628:19:000000000-LCNRM:1:1107:26483:23126 1:N:0:CCATCACGTG+AACCAGGAGA	GTGGCTGCT	CGACTTGG	0	0	GTGGCTGCT	CCAAGTCG	Match	114
@M00628:19:000000000-LCNRM:1:1108:11612:4733 1:N:0:CCATCACGTG+AACCAGGAGA	GTGGCTGCT	CGACTTGG	0	0	GTGGCTGCT	CCAAGTCG	Match	491
@M00628:19:000000000-LCNRM:1:1108:19397:5647 1:N:0:CCATCACGTG+AACCAGGAGA	GTGGCTGCT	CGACTTGG	0	0	GTGGCTGCT	CCAAGTCG	Match	495
@M00628:19:000000000-LCNRM:1:1108:8418:5828 1:N:0:CCATCACGTG+AACCAGGAGA	GTGGCTGCT	CGACTTGG	0	0	GTGGCTGCT	CCAAGTCG	Match	495
@M00628:19:000000000-LCNRM:1:1108:23380:7932 1:N:0:CCATCACGTG+AACCAGGAGA	GTGGCTGCT	CGACTTGG	0	0	GTGGCTGCT	CCAAGTCG	Match	118
@M00628:19:000000000-LCNRM:1:1108:4057:8967 1:N:0:CCATCACGTG+AACCAGGAGA	GTGGCTGCT	CGACTTGG	0	0	GTGGCTGCT	CCAAGTCG	Match	108
@M00628:19:000000000-LCNRM:1:1108:23321:11240 1:N:0:CCATCACGTG+AACCAGGAGA	GTGGCTGCT	CGACTTGG	0	0	GTGGCTGCT	CCAAGTCG	Match	108
@M00628:19:000000000-LCNRM:1:1108:5635:11456 1:N:0:CCATCACGTG+AACCAGGAGA	GTGGCTGCT	CGACTTGG	0	0	GTGGCTGCT	CCAAGTCG	Match	495
@M00628:19:000000000-LCNRM:1:1108:26098:12059 1:N:0:CCATCACGTG+AACCAGGAGA	GTGGCTGCT	CGACTTGG	0	0	GTGGCTGCT	CCAAGTCG	Match	153
@M00628:19:000000000-LCNRM:1:1108:6531:12307 1:N:0:CCATCACGTG+AACCAGGAGA	GTGGCTGCT	CGACTTGG	0	0	GTGGCTGCT	CCAAGTCG	Match	108
@M00628:19:000000000-LCNRM:1:1108:6853:12877 1:N:0:CCATCACGTG+AACCAGGAGA	GTGGCTGCT	CGACTTGG	0	0	GTGGCTGCT	CCAAGTCG	Match	150
@M00628:19:000000000-LCNRM:1:1108:26374:13274 1:N:0:CCATCACGTG+AACCAGGAGA	GTGGCTGCT	CGACTTGG	0	0	GTGGCTGCT	CCAAGTCG	Match	495
@M00628:19:000000000-LCNRM:1:1108:23287:15003 1:N:0:CCATCACGTG+AACCAGGAGA	GTGGCTGCT	CGACTTGG	0	0	GTGGCTGCT	CCAAGTCG	Match	491
@M00628:19:000000000-LCNRM:1:1108:17923:15443 1:N:0:CCATCACGTG+AACCAGGAGA	GTGGCTGCT	CGACTTGG	0	0	GTGGCTGCT	CCAAGTCG	Match	108
@M00628:19:000000000-LCNRM:1:1108:9842:18327 1:N:0:CCATCACGTG+AACCAGGAGA	GTGGCTGCT	CGACTTGG	0	0	GTGGCTGCT	CCAAGTCG	Match	495
@M00628:19:000000000-LCNRM:1:1108:16698:18916 1:N:0:CCATCACGTG+AACCAGGAGA	GTGGCTGCT	CGACTTGG	0	0	GTGGCTGCT	CCAAGTCG	Match	491
@M00628:19:000000000-LCNRM:1:1108:8852:23301 1:N:0:CCATCACGTG+AACCAGGAGA	GTGGCTGCT	CGACTTGG	0	0	GTGGCTGCT	CCAAGTCG	Match	108
@M00628:19:000000000-LCNRM:1:1108:18006:23400 1:N:0:CCATCACGTG+AACCAGGAGA	GTGGCTGCT	CGACTTGG	0	0	GTGGCTGCT	CCAAGTCG	Match	420
@M00628:19:000000000-LCNRM:1:1109:21965:5700 1:N:0:CCATCACGTG+AACCAGGAGA	GTGGCTGCT	CGACTTGG	0	0	GTGGCTGCT	CCAAGTCG	Match	108
@M00628:19:000000000-LCNRM:1:1109:19611:7438 1:N:0:CCATCACGTG+AACCAGGAGA	GTGGCTGCT	CGACTTGG	0	0	GTGGCTGCT	CCAAGTCG	Match	108
@M00628:19:000000000-LCNRM:1:1109:11050:8685 1:N:0:CCATCACGTG+AACCAGGAGA	GTGGCTGCT	CGACTTGG	0	0	GTGGCTGCT	CCAAGTCG	Match	334
@M00628:19:000000000-LCNRM:1:1109:13008:12086 1:N:0:CCATCACGTG+AACCAGGAGA	GTGGCTGCT	CGACTTGG	0	1	GTGGCTGCT	ACAAGTCG	Match	495
@M00628:19:000000000-LCNRM:1:1109:12489:15042 1:N:0:CCATCACGTG+AACCAGGAGA	GTGGCTGCT	CGACTTGG	0	1	GTGGCTGCT	GCAAGTCG	Match	495
@M00628:19:000000000-LCNRM:1:1109:10605:18595 1:N:0:CCATCACGTG+AACCAGGAGA	GTGGCTGCT	CGACTTGG	0	2	GTGGCTGCT	TCCAGTCG	Match	106
@M00628:19:000000000-LCNRM:1:1109:18532:18678 1:N:0:CCATCACGTG+AACCAGGAGA	GTGGCTGCT	CGACTTGG	0	0	GTGGCTGCT	CCAAGTCG	Match	420
@M00628:19:000000000-LCNRM:1:1109:3624:21840 1:N:0:CCATCACGTG+AACCAGGAGA	GTGGCTGCT	CGACTTGG	0	0	GTGGCTGCT	CCAAGTCG	Match	108
@M00628:19:000000000-LCNRM:1:1109:17788:21880 1:N:0:CCATCACGTG+AACCAGGAGA	GTGGCTGCT	CGACTTGG	0	0	GTGGCTGCT	CCAAGTCG	Match	115
@M00628:19:000000000-LCNRM:1:1109:19238:22208 1:N:0:CCATCACGTG+AACCAGGAGA	GTGGCTGCT	CGACTTGG	0	0	GTGGCTGCT	CCAAGTCG	Match	108
@M00628:19:000000000-LCNRM:1:1109:20911:27014 1:N:0:CCATCACGTG+AACCAGGAGA	GTGGCTGCT	CGACTTGG	0	0	GTGGCTGCT	CCAAGTCG	Match	82
@M00628:19:000000000-LCNRM:1:1110:17405:4006 1:N:0:CCATCACGTG+AACCAGGAGA	GTGGCTGCT	CGACTTGG	0	0	GTGGCTGCT	CCAAGTCG	Match	82
@M00628:19:000000000-LCNRM:1:1110:22791:4922 1:N:0:CCATCACGTG+AACCAGGAGA	GTGGCTGCT	CGACTTGG	0	0	GTGGCTGCT	CCAAGTCG	Match	418
@M00628:19:000000000-LCNRM:1:1110:21001:6289 1:N:0:CCATCACGTG+AACCAGGAGA	GTGGCTGCT	CGACTTGG	0	0	GTGGCTGCT	CCAAGTCG	Match	138
@M00628:19:000000000-LCNRM:1:1110:22023:9108 1:N:0:CCATCACGTG+AACCAGGAGA	GTGGCTGCT	CGACTTGG	0	0	GTGGCTGCT	CCAAGTCG	Match	495
@M00628:19:000000000-LCNRM:1:1110:17900:10514 1:N:0:CCATCACGTG+AACCAGGAGA	GTGGCTGCT	CGACTTGG	0	0	GTGGCTGCT	CCAAGTCG	Match	420
@M00628:19:000000000-LCNRM:1:1110:14131:13507 1:N:0:CCATCACGTG+AACCAGGAGA	GTGGCTGCT	CGACTTGG	0	0	GTGGCTGCT	CCAAGTCG	Match	152
@M00628:19:000000000-LCNRM:1:1110:3124:14529 1:N:0:CCATCACGTG+AACCAGGAGA	GTGGCTGCT	CGACTTGG	1	0	GTGGATGCT	CCAAGTCG	Match	420
@M00628:19:000000000-LCNRM:1:1110:8530:19008 1:N:0:CCATCACGTG+AACCAGGAGA	GTGGCTGCT	CGACTTGG	0	0	GTGGCTGCT	CCAAGTCG	Match	420
@M00628:19:000000000-LCNRM:1:1110:17485:19436 1:N:0:CCATCACGTG+AACCAGGAGA	GTGGCTGCT	CGACTTGG	0	0	GTGGCTGCT	CCAAGTCG	Match	495
@M00628:19:000000000-LCNRM:1:1110:27489:21565 1:N:0:CCATCACGTG+AACCAGGAGA	GTGGCTGCT	CGACTTGG	0	0	GTGGCTGCT	CCAAGTCG	Match	494
@M00628:19:000000000-LCNRM:1:1110:17226:21793 1:N:0:CCATCACGTG+AACCAGGAGA	GTGGCTGCT	CGACTTGG	0	0	GTGGCTGCT	CCAAGTCG	Match	108
@M00628:19:000000000-LCNRM:1:1110:12896:24262 1:N:0:CCATCACGTG+AACCAGGAGA	GTGGCTGCT	CGACTTGG	0	0	GTGGCTGCT	CCAAGTCG	Match	495
@M00628:19:000000000-LCNRM:1:1110:16310:25537 1:N:0:CCATCACGTG+AACCAGGAGA	GTGGCTGCT	CGACTTGG	0	0	GTGGCTGCT	CCAAGTCG	Match	494
@M00628:19:000000000-LCNRM:1:1111:15845:5299 1:N:0:CCATCACGTG+AACCAGGAGA	GTGGCTGCT	CGACTTGG	0	0	GTGGCTGCT	CCAAGTCG	Match	420
@M00628:19:000000000-LCNRM:1:1111:9873:7018 1:N:0:CCATCACGTG+AACCAGGAGA	GTGGCTGCT	CGACTTGG	0	0	GTGGCTGCT	CCAAGTCG	Match	491
@M00628:19:000000000-LCNRM:1:1111:2650:10810 1:N:0:CCATCACGTG+AACCAGGAGA	GTGGCTGCT	CGACTTGG	0	0	GTGGCTGCT	CCAAGTCG	Match	495
@M00628:19:000000000-LCNRM:1:1111:8695:12306 1:N:0:CCATCACGTG+AACCAGGAGA	GTGGCTGCT	CGACTTGG	0	0	GTGGCTGCT	CCAAGTCG	Match	118
@M00628:19:000000000-LCNRM:1:1111:22195:12906 1:N:0:CCATCACGTG+AACCAGGAGA	GTGGCTGCT	CGACTTGG	0	0	GTGGCTGCT	CCAAGTCG	Match	118
@M00628:19:000000000-LCNRM:1:1111:13393:12945 1:N:0:CCATCACGTG+AACCAGGAGA	GTGGCTGCT	CGACTTGG	0	0	GTGGCTGCT	CCAAGTCG	Match	420
@M00628:19:000000000-LCNRM:1:1111:18182:13017 1:N:0:CCATCACGTG+AACCAGGAGA	GTGGCTGCT	CGACTTGG	0	0	GTGGCTGCT	CCAAGTCG	Match	108
@M00628:19:000000000-LCNRM:1:1111:25934:20965 1:N:0:CCATCACGTG+AACCAGGAGA	GTGGCTGCT	CGACTTGG	0	0	GTGGCTGCT	CCAAGTCG	Match	108
@M00628:19:000000000-LCNRM:1:1111:10566:21839 1:N:0:CCATCACGTG+AACCAGGAGA	GTGGCTGCT	CGACTTGG	0	0	GTGGCTGCT	CCAAGTCG	Match	491
@M00628:19:000000000-LCNRM:1:1111:15222:23338 1:N:0:CCATCACGTG+AACCAGGAGA	GTGGCTGCT	CGACTTGG	0	0	GTGGCTGCT	CCAAGTCG	Match	108
@M00628:19:000000000-LCNRM:1:1111:23935:25557 1:N:0:CCATCACGTG+AACCAGGAGA	GTGGCTGCT	CGACTTGG	0	0	GTGGCTGCT	CCAAGTCG	Match	420
@M00628:19:000000000-LCNRM:1:1111:14127:27818 1:N:0:CCATCACGTG+AACCAGGAGA	GTGGCTGCT	CGACTTGG	0	0	GTGGCTGCT	CCAAGTCG	Match	495
@M00628:19:000000000-LCNRM:1:1112:24940:9028 1:N:0:CCATCACGTG+AACCAGGAGA	GTGGCTGCT	CGACTTGG	0	1	GTGGCTGCT	CCAAGGCG	Match	494
@M00628:19:000000000-LCNRM:1:1112:25709:13838 1:N:0:CCATCACGTG+AACCAGGAGA	GTGGCTGCT	CGACTTGG	0	0	GTGGCTGCT	CCAAGTCG	Match	491
@M00628:19:000000000-LCNRM:1:1112:8822:14097 1:N:0:CCATCACGTG+AACCAGGAGA	GTGGCTGCT	CGACTTGG	0	0	GTGGCTGCT	CCAAGTCG	Match	108
@M00628:19:000000000-LCNRM:1:1112:13171:15273 1:N:0:CCATCACGTG+AACCAGGAGA	GTGGCTGCT	CGACTTGG	0	0	GTGGCTGCT	CCAAGTCG	Match	495
@M00628:19:000000000-LCNRM:1:1112:11405:15302 1:N:0:CCATCACGTG+AACCAGGAGA	GTGGCTGCT	CGACTTGG	0	0	GTGGCTGCT	CCAAGTCG	Match	108
@M00628:19:000000000-LCNRM:1:1112:17943:17638 1:N:0:CCATCACGTG+AACCAGGAGA	GTGGCTGCT	CGACTTGG	0	0	GTGGCTGCT	CCAAGTCG	Match	108
@M00628:19:000000000-LCNRM:1:1112:27113:18939 1:N:0:CCATCACGTG+AACCAGGAGA	GTGGCTGCT	CGACTTGG	0	0	GTGGCTGCT	CCAAGTCG	Match	420
@M00628:19:000000000-LCNRM:1:1112:7948:19017 1:N:0:CCATCACGTG+AACCAGGAGA	GTGGCTGCT	CGACTTGG	0	0	GTGGCTGCT	CCAAGTCG	Match	114
@M00628:19:000000000-LCNRM:1:1112:26123:19734 1:N:0:CCATCACGTG+AACCAGGAGA	GTGGCTGCT	CGACTTGG	0	0	GTGGCTGCT	CCAAGTCG	Match	420
@M00628:19:000000000-LCNRM:1:1112:27935:19941 1:N:0:CCATCACGTG+AACCAGGAGA	GTGGCTGCT	CGACTTGG	0	0	GTGGCTGCT	CCAAGTCG	Match	150
@M00628:19:000000000-LCNRM:1:1112:13790:26389 1:N:0:CCATCACGTG+AACCAGGAGA	GTGGCTGCT	CGACTTGG	0	0	GTGGCTGCT	CCAAGTCG	Match	420
@M00628:19:000000000-LCNRM:1:1113:27815:9804 1:N:0:CCATCACGTG+AACCAGGAGA	GTGGCTGCT	CGACTTGG	0	0	GTGGCTGCT	CCAAGTCG	Match	420
@M00628:19:000000000-LCNRM:1:1113:9599:10462 1:N:0:CCATCACGTG+AACCAGGAGA	GTGGCTGCT	CGACTTGG	0	0	GTGGCTGCT	CCAAGTCG	Match	108
@M00628:19:000000000-LCNRM:1:1113:3110:11668 1:N:0:CCATCACGTG+AACCAGGAGA	GTGGCTGCT	CGACTTGG	0	0	GTGGCTGCT	CCAAGTCG	Match	494
@M00628:19:000000000-LCNRM:1:1113:19412:14348 1:N:0:CCATCACGTG+AACCAGGAGA	GTGGCTGCT	CGACTTGG	0	0	GTGGCTGCT	CCAAGTCG	Match	108
@M00628:19:000000000-LCNRM:1:1113:16302:14987 1:N:0:CCATCACGTG+AACCAGGAGA	GTGGCTGCT	CGACTTGG	0	0	GTGGCTGCT	CCAAGTCG	Match	108
@M00628:19:000000000-LCNRM:1:1113:25443:22366 1:N:0:CCATCACGTG+AACCAGGAGA	GTGGCTGCT	CGACTTGG	0	0	GTGGCTGCT	CCAAGTCG	Match	422
@M00628:19:000000000-LCNRM:1:1113:22011:25068 1:N:0:CCATCACGTG+AACCAGGAGA	GTGGCTGCT	CGACTTGG	0	0	GTGGCTGCT	CCAAGTCG	Match	114
@M00628:19:000000000-LCNRM:1:1114:19352:5767 1:N:0:CCATCACGTG+AACCAGGAGA	GTGGCTGCT	CGACTTGG	0	0	GTGGCTGCT	CCAAGTCG	Match	100
@M00628:19:000000000-LCNRM:1:1114:25705:7912 1:N:0:CCATCACGTG+AACCAGGAGA	GTGGCTGCT	CGACTTGG	0	0	GTGGCTGCT	CCAAGTCG	Match	372
@M00628:19:000000000-LCNRM:1:1114:18114:9789 1:N:0:CCATCACGTG+AACCAGGAGA	GTGGCTGCT	CGACTTGG	0	0	GTGGCTGCT	CCAAGTCG	Match	128
@M00628:19:000000000-LCNRM:1:1114:9285:12567 1:N:0:CCATCACGTG+AACCAGGAGA	GTGGCTGCT	CGACTTGG	0	0	GTGGCTGCT	CCAAGTCG	Match	108
@M00628:19:000000000-LCNRM:1:1114:20371:13347 1:N:0:CCATCACGTG+AACCAGGAGA	GTGGCTGCT	CGACTTGG	0	0	GTGGCTGCT	CCAAGTCG	Match	109
@M00628:19:000000000-LCNRM:1:1114:17129:13458 1:N:0:CCATCACGTG+AACCAGGAGA	GTGGCTGCT	CGACTTGG	0	0	GTGGCTGCT	CCAAGTCG	Match	108
@M00628:19:000000000-LCNRM:1:1114:16939:17513 1:N:0:CCATCACGTG+AACCAGGAGA	GTGGCTGCT	CGACTTGG	0	0	GTGGCTGCT	CCAAGTCG	Match	108
@M00628:19:000000000-LCNRM:1:1114:15180:18136 1:N:0:CCATCACGTG+AACCAGGAGA	GTGGCTGCT	CGACTTGG	0	0	GTGGCTGCT	CCAAGTCG	Match	495
@M00628:19:000000000-LCNRM:1:1114:14731:20900 1:N:0:CCATCACGTG+AACCAGGAGA	GTGGCTGCT	CGACTTGG	0	0	GTGGCTGCT	CCAAGTCG	Match	420
@M00628:19:000000000-LCNRM:1:2101:20012:3138 1:N:0:CCATCACGTG+AACCAGGAGA	GTGGCTGCT	CGACTTGG	0	0	GTGGCTGCT	CCAAGTCG	Match	108
@M00628:19:000000000-LCNRM:1:2101:16920:3309 1:N:0:CCATCACGTG+AACCAGGAGA	GTGGCTGCT	CGACTTGG	0	0	GTGGCTGCT	CCAAGTCG	Match	494
@M00628:19:000000000-LCNRM:1:2101:10300:9150 1:N:0:CCATCACGTG+AACCAGGAGA	GTGGCTGCT	CGACTTGG	0	0	GTGGCTGCT	CCAAGTCG	Match	420
@M00628:19:000000000-LCNRM:1:2101:8530:9696 1:N:0:CCATCACGTG+AACCAGGAGA	GTGGCTGCT	CGACTTGG	0	0	GTGGCTGCT	CCAAGTCG	Match	420
@M00628:19:000000000-LCNRM:1:2101:18989:10945 1:N:0:CCATCACGTG+AACCAGGAGA	GTGGCTGCT	CGACTTGG	0	0	GTGGCTGCT	CCAAGTCG	Match	491
@M00628:19:000000000-LCNRM:1:2101:2593:14398 1:N:0:CCATCACGTG+AACCAGGAGA	GTGGCTGCT	CGACTTGG	0	1	GTGGCTGCT	ACAAGTCG	Match	494
@M00628:19:000000000-LCNRM:1:2101:20046:15248 1:N:0:CCATCACGTG+AACCAGGAGA	GTGGCTGCT	CGACTTGG	0	0	GTGGCTGCT	CCAAGTCG	Match	495
@M00628:19:000000000-LCNRM:1:2101:12102:15669 1:N:0:CCATCACGTG+AACCAGGAGA	GTGGCTGCT	CGACTTGG	0	0	GTGGCTGCT	CCAAGTCG	Match	420
@M00628:19:000000000-LCNRM:1:2101:17410:17238 1:N:0:CCATCACGTG+AACCAGGAGA	GTGGCTGCT	CGACTTGG	0	0	GTGGCTGCT	CCAAGTCG	Match	316
@M00628:19:000000000-LCNRM:1:2101:5200:17550 1:N:0:CCATCACGTG+AACCAGGAGA	GTGGCTGCT	CGACTTGG	0	0	GTGGCTGCT	CCAAGTCG	Match	334
@M00628:19:000000000-LCNRM:1:2101:28517:18197 1:N:0:CCGTCACGTG+AACCAGGAGA	GTGGCTGCT	CGACTTGG	0	2	GTGGCTGCT	CCAAGCTG	Match	118
@M00628:19:000000000-LCNRM:1:2101:19781:21960 1:N:0:CCATCACGTG+AACCAGGAGA	GTGGCTGCT	CGACTTGG	0	0	GTGGCTGCT	CCAAGTCG	Match	491
@M00628:19:000000000-LCNRM:1:2101:20677:22823 1:N:0:CCATCACGTG+AACCAGGAGA	GTGGCTGCT	CGACTTGG	0	0	GTGGCTGCT	CCAAGTCG	Match	108
@M00628:19:000000000-LCNRM:1:2101:21286:25330 1:N:0:CCATCACGTG+AACCAGGAGA	GTGGCTGCT	CGACTTGG	0	0	GTGGCTGCT	CCAAGTCG	Match	108
@M00628:19:000000000-LCNRM:1:2102:28399:10574 1:N:0:CCATCACGTG+AACCAGGAGA	GTGGCTGCT	CGACTTGG	0	0	GTGGCTGCT	CCAAGTCG	Match	334
@M00628:19:000000000-LCNRM:1:2102:5578:13007 1:N:0:CCATCACGTG+AACCAGGAGA	GTGGCTGCT	CGACTTGG	0	0	GTGGCTGCT	CCAAGTCG	Match	108
@M00628:19:000000000-LCNRM:1:2102:6056:14531 1:N:0:CCATCACGTG+AACCAGGAGA	GTGGCTGCT	CGACTTGG	0	2	GTGGCTGCT	TCAATTCG	Match	131
@M00628:19:000000000-LCNRM:1:2102:23598:17585 1:N:0:CCATCACGTG+AACCAGGAGA	GTGGCTGCT	CGACTTGG	0	0	GTGGCTGCT	CCAAGTCG	Match	100
@M00628:19:000000000-LCNRM:1:2102:26322:18864 1:N:0:CCATCACGTG+AACCAGGAGA	GTGGCTGCT	CGACTTGG	0	0	GTGGCTGCT	CCAAGTCG	Match	420
@M00628:19:000000000-LCNRM:1:2102:18401:19521 1:N:0:CCATCACGTG+AACCAGGAGA	GTGGCTGCT	CGACTTGG	0	0	GTGGCTGCT	CCAAGTCG	Match	491
@M00628:19:000000000-LCNRM:1:2103:19597:8250 1:N:0:CCATCACGTG+AACCAGGAGA	GTGGCTGCT	CGACTTGG	0	0	GTGGCTGCT	CCAAGTCG	Match	108
@M00628:19:000000000-LCNRM:1:2103:10870:9237 1:N:0:CCATCACGTG+AACCAGGAGA	GTGGCTGCT	CGACTTGG	0	0	GTGGCTGCT	CCAAGTCG	Match	108
@M00628:19:000000000-LCNRM:1:2103:10231:10960 1:N:0:CCATCACGTG+AACCAGGAGA	GTGGCTGCT	CGACTTGG	0	0	GTGGCTGCT	CCAAGTCG	Match	420
@M00628:19:000000000-LCNRM:1:2103:5812:11328 1:N:0:CCATCACGTG+AACCAGGAGA	GTGGCTGCT	CGACTTGG	0	0	GTGGCTGCT	CCAAGTCG	Match	493
@M00628:19:000000000-LCNRM:1:2103:4791:17340 1:N:0:CCATCACGTG+AACCAGGAGA	GTGGCTGCT	CGACTTGG	0	0	GTGGCTGCT	CCAAGTCG	Match	495
@M00628:19:000000000-LCNRM:1:2103:13962:19670 1:N:0:CCATCACGTG+AACCAGGAGA	GTGGCTGCT	CGACTTGG	0	0	GTGGCTGCT	CCAAGTCG	Match	264
@M00628:19:000000000-LCNRM:1:2103:9984:20175 1:N:0:CCATCACGTG+AACCAGGAGA	GTGGCTGCT	CGACTTGG	0	0	GTGGCTGCT	CCAAGTCG	Match	491
@M00628:19:000000000-LCNRM:1:2103:25185:20797 1:N:0:CCATCACGTG+AACCAGGAGA	GTGGCTGCT	CGACTTGG	0	0	GTGGCTGCT	CCAAGTCG	Match	118
@M00628:19:000000000-LCNRM:1:2104:8214:4256 1:N:0:CCATCACGTG+AACCAGGAGA	GTGGCTGCT	CGACTTGG	0	0	GTGGCTGCT	CCAAGTCG	Match	495
@M00628:19:000000000-LCNRM:1:2104:18284:9830 1:N:0:CCATCACGTG+AACCAGGAGA	GTGGCTGCT	CGACTTGG	0	0	GTGGCTGCT	CCAAGTCG	Match	491
@M00628:19:000000000-LCNRM:1:2104:28274:13144 1:N:0:CCATCACGTG+AACCAGGAGA	GTGGCTGCT	CGACTTGG	0	0	GTGGCTGCT	CCAAGTCG	Match	150
@M00628:19:000000000-LCNRM:1:2104:3433:15768 1:N:0:CCATCACGTG+AACCAGGAGA	GTGGCTGCT	CGACTTGG	0	0	GTGGCTGCT	CCAAGTCG	Match	108
@M00628:19:000000000-LCNRM:1:2104:27089:17922 1:N:0:CCATCACGTG+AACCAGGAGA	GTGGCTGCT	CGACTTGG	0	0	GTGGCTGCT	CCAAGTCG	Match	420
@M00628:19:000000000-LCNRM:1:2104:23769:24476 1:N:0:CCATCACGTG+AACCAGGAGA	GTGGCTGCT	CGACTTGG	0	0	GTGGCTGCT	CCAAGTCG	Match	302
@M00628:19:000000000-LCNRM:1:2104:11237:25118 1:N:0:CCATCACGCG+AACCAGGAGA	GTGGCTGCT	CGACTTGG	0	0	GTGGCTGCT	CCAAGTCG	Match	82
@M00628:19:000000000-LCNRM:1:2104:20831:25686 1:N:0:CCATCACGTG+AACCAGGAGA	GTGGCTGCT	CGACTTGG	0	0	GTGGCTGCT	CCAAGTCG	Match	494
@M00628:19:000000000-LCNRM:1:2105:15497:4684 1:N:0:CCATCACGTG+AACCAGGAGA	GTGGCTGCT	CGACTTGG	0	0	GTGGCTGCT	CCAAGTCG	Match	114
@M00628:19:000000000-LCNRM:1:2105:17205:5025 1:N:0:CCATCACGTG+AACCAGGAGA	GTGGCTGCT	CGACTTGG	0	0	GTGGCTGCT	CCAAGTCG	Match	108
@M00628:19:000000000-LCNRM:1:2105:12344:6018 1:N:0:CCATCACGTG+AACCAGGAGA	GTGGCTGCT	CGACTTGG	0	0	GTGGCTGCT	CCAAGTCG	Match	420
@M00628:19:000000000-LCNRM:1:2105:18775:11130 1:N:0:CCATCACGTG+AACCAGGAGA	GTGGCTGCT	CGACTTGG	0	0	GTGGCTGCT	CCAAGTCG	Match	420
@M00628:19:000000000-LCNRM:1:2105:19975:18313 1:N:0:CCATCACGTG+AACCAGGAGA	GTGGCTGCT	CGACTTGG	0	0	GTGGCTGCT	CCAAGTCG	Match	420
@M00628:19:000000000-LCNRM:1:2105:12812:21594 1:N:0:CCATCACGTG+AACCAGGAGA	GTGGCTGCT	CGACTTGG	0	0	GTGGCTGCT	CCAAGTCG	Match	420
@M00628:19:000000000-LCNRM:1:2105:21876:25648 1:N:0:CCATCACGTG+AACCAGGAGA	GTGGCTGCT	CGACTTGG	0	0	GTGGCTGCT	CCAAGTCG	Match	495
@M00628:19:000000000-LCNRM:1:2106:12919:6108 1:N:0:CCATCACGTG+AACCAGGAGA	GTGGCTGCT	CGACTTGG	0	0	GTGGCTGCT	CCAAGTCG	Match	108
@M00628:19:000000000-LCNRM:1:2106:11311:8479 1:N:0:CCATCACGTG+AACCAGGAGA	GTGGCTGCT	CGACTTGG	0	0	GTGGCTGCT	CCAAGTCG	Match	100
@M00628:19:000000000-LCNRM:1:2106:6918:13274 1:N:0:CCATCACGTG+AACCAGGAGA	GTGGCTGCT	CGACTTGG	0	0	GTGGCTGCT	CCAAGTCG	Match	114
@M00628:19:000000000-LCNRM:1:2106:20177:14778 1:N:0:CCATCACGTG+AACCAGGAGA	GTGGCTGCT	CGACTTGG	0	0	GTGGCTGCT	CCAAGTCG	Match	495
@M00628:19:000000000-LCNRM:1:2106:6093:19330 1:N:0:CCATCACGTG+AACCAGGAGA	GTGGCTGCT	CGACTTGG	0	0	GTGGCTGCT	CCAAGTCG	Match	108
@M00628:19:000000000-LCNRM:1:2106:9492:19389 1:N:0:CCATCACGTG+AACCAGGAGA	GTGGCTGCT	CGACTTGG	0	0	GTGGCTGCT	CCAAGTCG	Match	138
@M00628:19:000000000-LCNRM:1:2106:22015:19839 1:N:0:CCATCACGTG+AACCAGGAGA	GTGGCTGCT	CGACTTGG	0	0	GTGGCTGCT	CCAAGTCG	Match	494
@M00628:19:000000000-LCNRM:1:2106:16976:21652 1:N:0:CCATCACGTG+AACCAGGAGA	GTGGCTGCT	CGACTTGG	0	0	GTGGCTGCT	CCAAGTCG	Match	420
@M00628:19:000000000-LCNRM:1:2106:7347:24215 1:N:0:CCATCACGTG+AACCAGGAGA	GTGGCTGCT	CGACTTGG	0	0	GTGGCTGCT	CCAAGTCG	Match	495
@M00628:19:000000000-LCNRM:1:2106:21373:24932 1:N:0:CCATCACGTG+AACCAGGAGA	GTGGCTGCT	CGACTTGG	0	0	GTGGCTGCT	CCAAGTCG	Match	494
@M00628:19:000000000-LCNRM:1:2106:17742:25178 1:N:0:CCATCACGTG+AACCAGGAGA	GTGGCTGCT	CGACTTGG	0	0	GTGGCTGCT	CCAAGTCG	Match	491
@M00628:19:000000000-LCNRM:1:2107:14592:5102 1:N:0:CCATCACGTG+AACCAGGAGA	GTGGCTGCT	CGACTTGG	0	0	GTGGCTGCT	CCAAGTCG	Match	108
@M00628:19:000000000-LCNRM:1:2107:12752:7027 1:N:0:CCATCACGTG+AACCAGGAGA	GTGGCTGCT	CGACTTGG	0	0	GTGGCTGCT	CCAAGTCG	Match	334
@M00628:19:000000000-LCNRM:1:2107:12164:7360 1:N:0:CCATCACGTG+AACCAGGAGA	GTGGCTGCT	CGACTTGG	0	0	GTGGCTGCT	CCAAGTCG	Match	108
@M00628:19:000000000-LCNRM:1:2107:9178:11504 1:N:0:CCATCACGTG+AACCAGGAGA	GTGGCTGCT	CGACTTGG	0	0	GTGGCTGCT	CCAAGTCG	Match	106
@M00628:19:000000000-LCNRM:1:2107:17480:17459 1:N:0:CCATCACGTG+AACCAGGAGA	GTGGCTGCT	CGACTTGG	0	0	GTGGCTGCT	CCAAGTCG	Match	108
@M00628:19:000000000-LCNRM:1:2107:20888:18239 1:N:0:CCATCACGTG+AACCAGGAGA	GTGGCTGCT	CGACTTGG	0	0	GTGGCTGCT	CCAAGTCG	Match	140
@M00628:19:000000000-LCNRM:1:2107:13830:26670 1:N:0:CCATCACGTG+AACCAGGAGA	GTGGCTGCT	CGACTTGG	0	0	GTGGCTGCT	CCAAGTCG	Match	108
@M00628:19:000000000-LCNRM:1:2109:20087:3957 1:N:0:CCATCACGTG+AACCAGGAGA	GTGGCTGCT	CGACTTGG	0	0	GTGGCTGCT	CCAAGTCG	Match	118
@M00628:19:000000000-LCNRM:1:2109:15001:5628 1:N:0:CCATCACGTG+AACCAGGAGA	GTGGCTGCT	CGACTTGG	0	0	GTGGCTGCT	CCAAGTCG	Match	108
@M00628:19:000000000-LCNRM:1:2109:10807:8126 1:N:0:CCATCACGTG+AACCAGGAGA	GTGGCTGCT	CGACTTGG	0	0	GTGGCTGCT	CCAAGTCG	Match	264
@M00628:19:000000000-LCNRM:1:2109:21270:9410 1:N:0:CCATCACGTG+AACCAGGAGA	GTGGCTGCT	CGACTTGG	0	0	GTGGCTGCT	CCAAGTCG	Match	491
@M00628:19:000000000-LCNRM:1:2109:23028:10456 1:N:0:CCATCACGTG+AACCAGGAGA	GTGGCTGCT	CGACTTGG	0	0	GTGGCTGCT	CCAAGTCG	Match	334
@M00628:19:000000000-LCNRM:1:2109:13009:11415 1:N:0:CCATCACGTG+AACCAGGAGA	GTGGCTGCT	CGACTTGG	0	1	GTGGCTGCT	TCAAGTCG	Match	108
@M00628:19:000000000-LCNRM:1:2109:15207:11601 1:N:0:CCATCACGTG+AACCAGGAGA	GTGGCTGCT	CGACTTGG	0	0	GTGGCTGCT	CCAAGTCG	Match	495
@M00628:19:000000000-LCNRM:1:2109:19246:12667 1:N:0:CCATCACGTG+AACCAGGAGA	GTGGCTGCT	CGACTTGG	0	0	GTGGCTGCT	CCAAGTCG	Match	264
@M00628:19:000000000-LCNRM:1:2109:7976:18560 1:N:0:CCATCACGTT+AACCAGGAGA	GTGGCTGCT	CGACTTGG	0	0	GTGGCTGCT	CCAAGTCG	Match	150
@M00628:19:000000000-LCNRM:1:2109:27448:20117 1:N:0:CCATCACGTG+AACCAGGAGA	GTGGCTGCT	CGACTTGG	0	0	GTGGCTGCT	CCAAGTCG	Match	495
@M00628:19:000000000-LCNRM:1:2109:14962:20621 1:N:0:CCATCACGTG+AACCAGGAGA	GTGGCTGCT	CGACTTGG	0	0	GTGGCTGCT	CCAAGTCG	Match	114
@M00628:19:000000000-LCNRM:1:2110:7570:7441 1:N:0:CCATCACGTG+AACCAGGAGA	GTGGCTGCT	CGACTTGG	0	0	GTGGCTGCT	CCAAGTCG	Match	372
@M00628:19:000000000-LCNRM:1:2110:21580:10349 1:N:0:CCATCACGTG+AACCAGGAGA	GTGGCTGCT	CGACTTGG	0	0	GTGGCTGCT	CCAAGTCG	Match	114
@M00628:19:000000000-LCNRM:1:2110:21691:11533 1:N:0:CCATCACGTG+AACCAGGAGA	GTGGCTGCT	CGACTTGG	0	0	GTGGCTGCT	CCAAGTCG	Match	108
@M00628:19:000000000-LCNRM:1:2110:13602:12634 1:N:0:CCATCACGTG+AACCAGGAGA	GTGGCTGCT	CGACTTGG	0	0	GTGGCTGCT	CCAAGTCG	Match	108
@M00628:19:000000000-LCNRM:1:2110:6121:15048 1:N:0:CCATCACGTG+AACCAGGAGA	GTGGCTGCT	CGACTTGG	0	0	GTGGCTGCT	CCAAGTCG	Match	108
@M00628:19:000000000-LCNRM:1:2110:13472:16211 1:N:0:CCATCACGTG+AACCAGGAGA	GTGGCTGCT	CGACTTGG	0	0	GTGGCTGCT	CCAAGTCG	Match	114
@M00628:19:000000000-LCNRM:1:2110:23394:17453 1:N:0:CCATCACGTG+AACCAGGAGA	GTGGCTGCT	CGACTTGG	0	0	GTGGCTGCT	CCAAGTCG	Match	108
@M00628:19:000000000-LCNRM:1:2110:28158:19620 1:N:0:CCATCACGTG+AACCAGGAGA	GTGGCTGCT	CGACTTGG	0	0	GTGGCTGCT	CCAAGTCG	Match	108
@M00628:19:000000000-LCNRM:1:2110:11337:19951 1:N:0:CCATCACGTG+AACCAGGAGA	GTGGCTGCT	CGACTTGG	0	0	GTGGCTGCT	CCAAGTCG	Match	108
@M00628:19:000000000-LCNRM:1:2110:15473:20946 1:N:0:CCATCACGTG+AACCAGGAGA	GTGGCTGCT	CGACTTGG	0	0	GTGGCTGCT	CCAAGTCG	Match	108
@M00628:19:000000000-LCNRM:1:2110:18456:22235 1:N:0:CCATCACGTG+AACCAGGAGA	GTGGCTGCT	CGACTTGG	0	0	GTGGCTGCT	CCAAGTCG	Match	495
@M00628:19:000000000-LCNRM:1:2110:15343:22583 1:N:0:CCATCACGTG+AACCAGGAGA	GTGGCTGCT	CGACTTGG	0	0	GTGGCTGCT	CCAAGTCG	Match	108
@M00628:19:000000000-LCNRM:1:2111:7530:4223 1:N:0:CCATCACGTG+AACCAGGAGA	GTGGCTGCT	CGACTTGG	0	0	GTGGCTGCT	CCAAGTCG	Match	108
@M00628:19:000000000-LCNRM:1:2111:7814:5225 1:N:0:CCATCACGTG+AACCAGGAGA	GTGGCTGCT	CGACTTGG	0	0	GTGGCTGCT	CCAAGTCG	Match	420
@M00628:19:000000000-LCNRM:1:2111:7838:6955 1:N:0:CCATCACGTG+AACCAGGAGA	GTGGCTGCT	CGACTTGG	0	0	GTGGCTGCT	CCAAGTCG	Match	118
@M00628:19:000000000-LCNRM:1:2111:9253:16205 1:N:0:CCATCACGTG+AACCAGGAGA	GTGGCTGCT	CGACTTGG	0	0	GTGGCTGCT	CCAAGTCG	Match	264
@M00628:19:000000000-LCNRM:1:2111:11659:17719 1:N:0:CCATCACGTG+AACCAGGAGA	GTGGCTGCT	CGACTTGG	0	0	GTGGCTGCT	CCAAGTCG	Match	108
@M00628:19:000000000-LCNRM:1:2112:13593:2897 1:N:0:CCATCACGTG+AACCAGGAGA	GTGGCTGCT	CGACTTGG	0	0	GTGGCTGCT	CCAAGTCG	Match	494
@M00628:19:000000000-LCNRM:1:2112:19816:6441 1:N:0:CCATCACGTG+AACCAGGAGA	GTGGCTGCT	CGACTTGG	0	0	GTGGCTGCT	CCAAGTCG	Match	420
@M00628:19:000000000-LCNRM:1:2112:23619:8636 1:N:0:CCATCACGTG+AACCAGGAGA	GTGGCTGCT	CGACTTGG	0	0	GTGGCTGCT	CCAAGTCG	Match	420
@M00628:19:000000000-LCNRM:1:2112:21552:9107 1:N:0:CCATCACGTG+AACCAGGAGA	GTGGCTGCT	CGACTTGG	0	0	GTGGCTGCT	CCAAGTCG	Match	495
@M00628:19:000000000-LCNRM:1:2112:4937:11507 1:N:0:CCATCACGTG+AACCAGGAGA	GTGGCTGCT	CGACTTGG	0	0	GTGGCTGCT	CCAAGTCG	Match	495
@M00628:19:000000000-LCNRM:1:2112:2558:11556 1:N:0:CCATCACGTG+AACCAGGAGA	GTGGCTGCT	CGACTTGG	0	0	GTGGCTGCT	CCAAGTCG	Match	495
@M00628:19:000000000-LCNRM:1:2112:18587:11578 1:N:0:CCATCACGTG+AACCAGGAGA	GTGGCTGCT	CGACTTGG	0	0	GTGGCTGCT	CCAAGTCG	Match	82
@M00628:19:000000000-LCNRM:1:2112:18458:13233 1:N:0:CCATCACGTG+AACCAGGAGA	GTGGCTGCT	CGACTTGG	0	0	GTGGCTGCT	CCAAGTCG	Match	108
@M00628:19:000000000-LCNRM:1:2112:8418:13429 1:N:0:CCATCACGTG+AACCAGGAGA	GTGGCTGCT	CGACTTGG	0	0	GTGGCTGCT	CCAAGTCG	Match	491
@M00628:19:000000000-LCNRM:1:2112:29374:16217 1:N:0:CCATCACGTG+AACCAGGAGA	GTGGCTGCT	CGACTTGG	0	0	GTGGCTGCT	CCAAGTCG	Match	108
@M00628:19:000000000-LCNRM:1:2112:15541:16324 1:N:0:CCATCACGTG+AACCAGGAGA	GTGGCTGCT	CGACTTGG	0	0	GTGGCTGCT	CCAAGTCG	Match	108
@M00628:19:000000000-LCNRM:1:2112:19259:17185 1:N:0:CCATCACGTG+AACCAGGAGA	GTGGCTGCT	CGACTTGG	0	0	GTGGCTGCT	CCAAGTCG	Match	420
@M00628:19:000000000-LCNRM:1:2112:15105:18225 1:N:0:CCATCACGTG+AACCAGGAGA	GTGGCTGCT	CGACTTGG	0	0	GTGGCTGCT	CCAAGTCG	Match	495
@M00628:19:000000000-LCNRM:1:2112:12742:19221 1:N:0:CCATCACGTG+AACCAGGAGA	GTGGCTGCT	CGACTTGG	0	0	GTGGCTGCT	CCAAGTCG	Match	495
@M00628:19:000000000-LCNRM:1:2112:16604:19561 1:N:0:CCATCACGTG+AACCAGGAGA	GTGGCTGCT	CGACTTGG	0	0	GTGGCTGCT	CCAAGTCG	Match	495
@M00628:19:000000000-LCNRM:1:2112:21739:19802 1:N:0:CCATCACGTG+AACCAGGAGA	GTGGCTGCT	CGACTTGG	0	0	GTGGCTGCT	CCAAGTCG	Match	493
@M00628:19:000000000-LCNRM:1:2112:3873:20858 1:N:0:CCATCACGTG+AACCAGGAGA	GTGGCTGCT	CGACTTGG	0	0	GTGGCTGCT	CCAAGTCG	Match	495
@M00628:19:000000000-LCNRM:1:2113:6024:7277 1:N:0:CCATCACGTG+AACCAGGAGA	GTGGCTGCT	CGACTTGG	0	0	GTGGCTGCT	CCAAGTCG	Match	420
@M00628:19:000000000-LCNRM:1:2113:23879:8640 1:N:0:ACATCACGTG+AACCAGGAGA	GTGGCTGCT	CGACTTGG	0	0	GTGGCTGCT	CCAAGTCG	Match	100
@M00628:19:000000000-LCNRM:1:2113:17429:9066 1:N:0:CCATCACGTG+AACCAGGAGA	GTGGCTGCT	CGACTTGG	0	0	GTGGCTGCT	CCAAGTCG	Match	372
@M00628:19:000000000-LCNRM:1:2113:28814:18980 1:N:0:CCATCACGTG+AACCAGGAGA	GTGGCTGCT	CGACTTGG	0	0	GTGGCTGCT	CCAAGTCG	Match	108
@M00628:19:000000000-LCNRM:1:2113:17825:19136 1:N:0:CCATCACGTG+AACCAGGAGA	GTGGCTGCT	CGACTTGG	0	0	GTGGCTGCT	CCAAGTCG	Match	491
@M00628:19:000000000-LCNRM:1:2113:25417:21737 1:N:0:CCATCACGTG+AACCAGGAGA	GTGGCTGCT	CGACTTGG	0	0	GTGGCTGCT	CCAAGTCG	Match	150
@M00628:19:000000000-LCNRM:1:2114:5733:10323 1:N:0:CCATCACGTG+AACCAGGAGA	GTGGCTGCT	CGACTTGG	0	0	GTGGCTGCT	CCAAGTCG	Match	108
@M00628:19:000000000-LCNRM:1:2114:18115:11201 1:N:0:CCATCACGTG+AACCAGGAGA	GTGGCTGCT	CGACTTGG	0	0	GTGGCTGCT	CCAAGTCG	Match	118
@M00628:19:000000000-LCNRM:1:2114:15916:12916 1:N:0:CCATCACGTG+AACCAGGAGA	GTGGCTGCT	CGACTTGG	0	0	GTGGCTGCT	CCAAGTCG	Match	104
@M00628:19:000000000-LCNRM:1:2114:16411:17305 1:N:0:CCATCACGTG+AACCAGGAGA	GTGGCTGCT	CGACTTGG	0	0	GTGGCTGCT	CCAAGTCG	Match	118
@M00628:19:000000000-LCNRM:1:2114:24746:19172 1:N:0:CCATCACGTG+AACCAGGAGA	GTGGCTGCT	CGACTTGG	0	2	GTGGCTGCT	CCCAATCG	Match	112
@M00628:19:000000000-LCNRM:1:2114:20683:19363 1:N:0:CCATCACGTG+AACCAGGAGA	GTGGCTGCT	CGACTTGG	0	0	GTGGCTGCT	CCAAGTCG	Match	334
@M00628:19:000000000-LCNRM:1:2114:9337:24358 1:N:0:CCATCACGTG+AACCAGGAGA	GTGGCTGCT	CGACTTGG	0	1	GTGGCTGCT	CCACGTCG	Match	370
